warm_success,warm_traj_length,filename,warm_iterations,warm_traj_time,cold_traj_time,cold_avg_jerk,warm_avg_jerk,cold_traj_length,warm_time_s,cold_time_s,cold_iterations,cold_success
true,4.692191688981439,left_forward_left_push.csv,20,15.60000021449999,15.60000021449999,0.025163460806531715,0.025163460806531715,4.692191688981439,8.0973432,4.9955541,20,true
true,2.8662882948854715,left_forward_left_push_down.csv,5,7.800000000000023,7.800000000000023,0.10072008212614929,0.10072008212614929,2.8662882948854715,0.3013002,0.2921153,5,true
false,Inf,left_forward_left_push_up.csv,3000,Inf,Inf,Inf,Inf,Inf,6.80746,6.3529792,3000,false
true,3.8666105617552105,left_forward_left_rotated.csv,4,15.299999999995414,15.299999999995414,0.017729285472221842,0.017729285472221842,3.8666105617552105,0.4339574,0.4425657,4,true
true,5.216594981212985,left_forward_random1.csv,10,17.099998450311386,17.099998450311386,0.030809236741302794,0.030809236741302794,5.216594981212985,1.3495804,1.3753336,10,true
true,3.8538525654297544,left_forward_random2.csv,4,17.099999999994868,17.099999999994868,0.012604281460887311,0.012604281460887311,3.8538525654297544,0.5516232,0.8778707,4,true
true,5.384330520851905,left_forward_random3.csv,4,23.99999999999276,23.99999999999276,0.006383228091814406,0.006383228091814406,5.384330520851905,0.7589183,0.7062536,4,true
true,5.545413039763884,left_forward_random4.csv,4,26.699999999991935,26.699999999991935,0.004845281468941174,0.004845281468941174,5.545413039763884,0.7937143,0.7613412,4,true
true,6.895033814911341,left_forward_random5.csv,4,36.299999999989055,36.299999999989055,0.002354620334216021,0.002354620334216021,6.895033814911341,1.4574357,0.9815547,4,true
true,6.418791094112862,left_forward_random6.csv,4,29.999999999990926,29.999999999990926,0.003885503911677726,0.003885503911677726,6.418791094112862,0.8680241,0.9199973,4,true
true,5.142216335470971,left_forward_ready_pose.csv,4,18.899999999994318,18.899999999994318,0.01266298123914486,0.01266298123914486,5.142216335470971,0.5780366,0.5424236,4,true
true,6.3907602881697745,left_forward_right_forward.csv,4,26.399999999992026,26.399999999992026,0.005671778657803807,0.005671778657803807,6.3907602881697745,0.8155333,1.136216,4,true
true,3.2622377987386395,left_forward_right_push.csv,4,13.499999999995953,13.499999999995953,0.021998453209864943,0.021998453209864943,3.2622377987386395,0.4339888,0.3975945,4,true
true,4.5953094955945355,left_forward_right_push_down.csv,4,21.599999999993493,21.599999999993493,0.007564137366245742,0.007564137366245742,4.5953094955945355,0.6218415,0.6339367,4,true
true,3.1207858882238075,left_forward_right_push_up.csv,4,10.199999999996942,10.199999999996942,0.04816262232226268,0.04816262232226268,3.1207858882238075,0.3296576,0.3183325,4,true
true,5.181404412438864,left_forward_right_rotated.csv,4,23.399999999992943,23.399999999992943,0.00670374771312749,0.00670374771312749,5.181404412438864,0.6864096,0.6547068,4,true
true,2.8662882948854724,left_push_down_left_forward.csv,5,7.800000000000023,7.800000000000023,0.10072008212614926,0.10072008212614926,2.8662882948854724,0.2828036,0.3070037,5,true
false,Inf,left_push_down_left_push.csv,3000,Inf,Inf,Inf,Inf,Inf,15.5687008,16.3877044,3000,false
true,3.996502073983304,left_push_down_left_push_up.csv,12,14.399999774999577,14.399999774999577,0.03916411376222916,0.03916411376222916,3.996502073983304,1.7082814,1.5894597,12,true
true,3.0496080622783666,left_push_down_left_rotated.csv,5,8.400000000000025,8.400000000000025,0.08456121481291463,0.08456121481291463,3.0496080622783666,0.334828,0.3152226,5,true
false,Inf,left_push_down_random1.csv,3000,Inf,Inf,Inf,Inf,Inf,11.0094556,10.5971171,3000,false
true,3.3002181559430124,left_push_down_random2.csv,30,17.700000000000003,17.700000000000003,0.010012995413658413,0.010012995413658413,3.3002181559430124,9.8150011,9.2756423,30,true
true,5.060055715591468,left_push_down_random3.csv,4,22.799999999993126,22.799999999993126,0.006994884022474083,0.006994884022474083,5.060055715591468,0.6804324,0.6626319,4,true
true,4.962095359660533,left_push_down_random4.csv,4,22.799999999993126,22.799999999993126,0.0070318591403011905,0.0070318591403011905,4.962095359660533,0.681077,1.2193964,4,true
false,Inf,left_push_down_random5.csv,3000,Inf,Inf,Inf,Inf,Inf,32.6835143,31.6877048,3000,false
true,5.94262473696725,left_push_down_random6.csv,4,24.599999999992576,24.599999999992576,0.006523594265032361,0.006523594265032361,5.94262473696725,0.7765553,0.8004682,4,true
true,4.756303969593907,left_push_down_ready_pose.csv,4,15.599999999995324,15.599999999995324,0.020820687124384025,0.020820687124384025,4.756303969593907,0.477795,0.5233164,4,true
true,4.595309380400659,left_push_down_right_forward.csv,4,19.799999999994043,19.799999999994043,0.00982318525851493,0.00982318525851493,4.595309380400659,1.003003,0.6296583,4,true
true,2.279718186401628,left_push_down_right_push.csv,5,7.800000000000023,7.800000000000023,0.08028628843641446,0.08028628843641446,2.279718186401628,0.3084819,0.2896401,5,true
true,3.697269295508851,left_push_down_right_push_down.csv,17,16.200000776653866,16.200000776653866,0.014540061467953891,0.014540061467953891,3.697269295508851,3.6383071,3.5399061,17,true
true,2.8853784829138744,left_push_down_right_push_up.csv,4,11.399999999996583,11.399999999996583,0.032657419694526464,0.032657419694526464,2.8853784829138744,0.3323987,0.3372951,4,true
true,5.350518289510364,left_push_down_right_rotated.csv,10,18.89999911406236,18.89999911406236,0.025976681934462474,0.025976681934462474,5.350518289510364,1.4313652,1.5778184,10,true
true,4.6785204877382585,left_push_left_forward.csv,10,14.700190783812712,14.700190783812712,0.026499567164636643,0.026499567164636643,4.6785204877382585,1.1755439,1.4536504,10,true
false,Inf,left_push_left_push_down.csv,3000,Inf,Inf,Inf,Inf,Inf,12.9561088,12.9885825,3000,false
true,2.48141056322682,left_push_left_push_up.csv,5,7.800000000000023,7.800000000000023,0.08575531250392518,0.08575531250392518,2.48141056322682,0.3119683,0.3045331,5,true
true,4.933988689142669,left_push_left_rotated.csv,4,19.499999999994134,19.499999999994134,0.011295625300459064,0.011295625300459064,4.933988689142669,0.5559934,0.5612476,4,true
true,3.1522646378830994,left_push_random1.csv,4,12.599999999996223,12.599999999996223,0.026039717313895067,0.026039717313895067,3.1522646378830994,0.3750929,0.3830857,4,true
false,Inf,left_push_random2.csv,3000,Inf,Inf,Inf,Inf,Inf,18.1873142,17.9251616,3000,false
true,4.706699427821182,left_push_random3.csv,4,22.499999999993218,22.499999999993218,0.007356977353700715,0.007356977353700715,4.706699427821182,0.6386042,0.643052,4,true
true,4.7631336913814275,left_push_random4.csv,4,21.299999999993585,21.299999999993585,0.008386822594557832,0.008386822594557832,4.7631336913814275,0.6106528,0.6031364,4,true
true,6.874881940014994,left_push_random5.csv,4,32.3999999999902,32.3999999999902,0.0033117287511675625,0.0033117287511675625,6.874881940014994,1.3814806,0.9633691,4,true
true,5.598095392624627,left_push_random6.csv,4,30.89999999999065,30.89999999999065,0.00320581328937126,0.00320581328937126,5.598095392624627,0.8762815,0.8733657,4,true
true,3.9849714541398233,left_push_ready_pose.csv,4,15.299999999995414,15.299999999995414,0.0213098867813804,0.0213098867813804,3.9849714541398233,0.4300736,0.4283665,4,true
true,4.376050662192452,left_push_right_forward.csv,4,16.199999999995143,16.199999999995143,0.016860571433360665,0.016860571433360665,4.376050662192452,0.5002516,0.4860652,4,true
true,2.8416634875687605,left_push_right_push_down.csv,4,12.299999999996313,12.299999999996313,0.02513065248292421,0.02513065248292421,2.8416634875687605,0.8490738,0.3351315,4,true
false,Inf,left_push_right_push_up.csv,3000,Inf,Inf,Inf,Inf,Inf,19.9561871,19.7120576,3000,false
true,3.302370583484542,left_push_right_rotated.csv,4,14.699999999995594,14.699999999995594,0.017524458544019586,0.017524458544019586,3.302370583484542,0.4170281,0.4164846,4,true
true,4.588465656892107,left_push_up_left_forward.csv,15,18.300172481949193,18.300172481949193,0.01596765203921299,0.01596765203921299,4.588465656892107,3.79417,3.7540547,15,true
true,2.4814085296320587,left_push_up_left_push.csv,5,7.500000000000022,7.500000000000022,0.09693986068593868,0.09693986068593868,2.4814085296320587,0.2846462,0.2932587,5,true
true,3.9628754767091747,left_push_up_left_push_down.csv,11,14.999999726561898,14.999999726561898,0.03645440875240884,0.03645440875240884,3.9628754767091747,1.6253645,1.2413905,11,true
true,3.4953386672206554,left_push_up_left_rotated.csv,5,11.700000000000033,11.700000000000033,0.03628107471601396,0.03628107471601396,3.4953386672206554,0.4332157,0.4400392,5,true
true,1.6992269468974435,left_push_up_random1.csv,6,4.500201811279766,4.500201811279766,0.31851458365349333,0.31851458365349333,1.6992269468974435,0.2175034,0.2255581,6,true
true,2.9909187689970147,left_push_up_random2.csv,4,12.299999999996313,12.299999999996313,0.026631140485400523,0.026631140485400523,2.9909187689970147,0.349068,0.3636496,4,true
true,3.8044013346683405,left_push_up_random3.csv,4,16.49999999999505,16.49999999999505,0.014323914358835387,0.014323914358835387,3.8044013346683405,0.4780549,0.4775408,4,true
true,3.757828837298248,left_push_up_random4.csv,4,13.199999999996043,13.199999999996043,0.026783633293495732,0.026783633293495732,3.757828837298248,0.4043719,0.3896047,4,true
true,5.834182882854525,left_push_up_random5.csv,4,25.4999999999923,25.4999999999923,0.005752496174711468,0.005752496174711468,5.834182882854525,0.7782147,1.0855867,4,true
true,5.3113223299798,left_push_up_random6.csv,4,23.69999999999285,23.69999999999285,0.006563851715108166,0.006563851715108166,5.3113223299798,0.7127707,0.6814814,4,true
true,2.7363325200107242,left_push_up_ready_pose.csv,5,7.800000000000023,7.800000000000023,0.10436912797067228,0.10436912797067228,2.7363325200107242,0.2930905,0.2977718,5,true
true,3.1207858882238075,left_push_up_right_forward.csv,4,10.199999999996942,10.199999999996942,0.0481626223222627,0.0481626223222627,3.1207858882238075,0.3120516,0.2979815,4,true
false,Inf,left_push_up_right_push.csv,3000,Inf,Inf,Inf,Inf,Inf,11.8678313,11.8337445,3000,false
true,2.8853795098188755,left_push_up_right_push_down.csv,4,12.299999999996313,12.299999999996313,0.025958867671019636,0.025958867671019636,2.8853795098188755,0.3623407,0.3632968,4,true
false,Inf,left_push_up_right_push_up.csv,3000,Inf,Inf,Inf,Inf,Inf,5.9042213,6.1031672,3000,false
true,2.2645180690864075,left_push_up_right_rotated.csv,5,7.2000000000000215,7.2000000000000215,0.0999570404872202,0.0999570404872202,2.2645180690864075,0.2895613,0.2895187,5,true
true,3.8666103406799834,left_rotated_left_forward.csv,4,14.699999999995594,14.699999999995594,0.019980678929066152,0.019980678929066152,3.8666103406799834,0.4341425,0.4880056,4,true
true,4.9339887423555275,left_rotated_left_push.csv,4,20.09999999999395,20.09999999999395,0.010315452267730556,0.010315452267730556,4.9339887423555275,0.9375611,0.6016085,4,true
true,3.0496080622783657,left_rotated_left_push_down.csv,5,8.400000000000025,8.400000000000025,0.08456121481291459,0.08456121481291459,3.0496080622783657,0.3324767,0.3040804,5,true
true,3.4953377070011067,left_rotated_left_push_up.csv,4,12.299999999996313,12.299999999996313,0.03117890209858823,0.03117890209858823,3.4953377070011067,0.3890138,0.3629529,4,true
true,3.4950787719020404,left_rotated_random1.csv,4,13.499999999995953,13.499999999995953,0.02323542544243578,0.02323542544243578,3.4950787719020404,0.4341395,0.4191003,4,true
true,2.4295970224506624,left_rotated_random2.csv,5,9.600000000000028,9.600000000000028,0.0462980817938157,0.0462980817938157,2.4295970224506624,0.3540994,0.3773,5,true
true,3.9238799011097605,left_rotated_random3.csv,4,15.899999999995234,15.899999999995234,0.015980506315131676,0.015980506315131676,3.9238799011097605,0.4823742,0.4635809,4,true
true,3.836283737121954,left_rotated_random4.csv,4,17.399999999994776,17.399999999994776,0.01222605675070722,0.01222605675070722,3.836283737121954,0.5119721,0.5131574,4,true
true,6.083867613522347,left_rotated_random5.csv,4,24.599999999992576,24.599999999992576,0.006701902683297456,0.006701902683297456,6.083867613522347,0.7614747,1.0504129,4,true
true,5.4013135720066385,left_rotated_random6.csv,4,17.099999999994868,17.099999999994868,0.017768460417456996,0.017768460417456996,5.4013135720066385,0.5376107,0.4865781,4,true
true,2.864979238514483,left_rotated_ready_pose.csv,5,8.100000000000025,8.100000000000025,0.09203674956383932,0.09203674956383932,2.864979238514483,0.3056114,0.3086355,5,true
true,5.268014947454533,left_rotated_right_forward.csv,4,23.69999999999285,23.69999999999285,0.006578638796526457,0.006578638796526457,5.268014947454533,0.6659144,0.6790709,4,true
true,3.0369685602396763,left_rotated_right_push.csv,16,15.000220680451596,15.000220680451596,0.01897936698445981,0.01897936698445981,3.0369685602396763,3.3997142,3.4068981,16,true
true,9.2795749209757,left_rotated_right_push_down.csv,58,19.800000000000015,19.800000000000015,0.06861641058212269,0.06861641058212269,9.2795749209757,18.4482355,18.3226244,58,true
true,2.297931340956508,left_rotated_right_push_up.csv,5,8.100000000000025,8.100000000000025,0.07094935442979763,0.07094935442979763,2.297931340956508,0.3349776,0.3663746,5,true
true,4.717310075077078,left_rotated_right_rotated.csv,8,14.700003901033028,14.700003901033028,0.024302027164048366,0.024302027164048366,4.717310075077078,1.2282754,0.8282564,8,true
true,5.243250859095466,random1_left_forward.csv,9,20.999997965623606,20.999997965623606,0.02053028041320069,0.02053028041320069,5.243250859095466,1.4433577,1.4736185,9,true
true,3.1522648765992365,random1_left_push.csv,4,12.899999999996133,12.899999999996133,0.02426447283001407,0.02426447283001407,3.1522648765992365,0.3801755,0.3827385,4,true
false,Inf,random1_left_push_down.csv,3000,Inf,Inf,Inf,Inf,Inf,19.3434364,19.7666409,3000,false
true,1.6992269468974435,random1_left_push_up.csv,6,4.500201811279766,4.500201811279766,0.31851458365349333,0.31851458365349333,1.6992269468974435,0.2158574,0.2364777,6,true
true,3.4950783409574555,random1_left_rotated.csv,4,12.899999999996133,12.899999999996133,0.026690665810081213,0.026690665810081213,3.4950783409574555,0.3842787,0.3759055,4,true
true,2.2937605109424357,random1_random2.csv,5,9.000000000000027,9.000000000000027,0.05154505432198396,0.05154505432198396,2.2937605109424357,0.3433484,0.340608,5,true
true,3.3340986470411513,random1_random3.csv,4,14.699999999995594,14.699999999995594,0.01899899067957126,0.01899899067957126,3.3340986470411513,0.421943,0.4283188,4,true
true,4.223304768791263,random1_random4.csv,4,13.799999999995864,13.799999999995864,0.027073378778256007,0.027073378778256007,4.223304768791263,0.4018832,0.4062587,4,true
true,5.581387316629079,random1_random5.csv,4,19.799999999994043,19.799999999994043,0.011750619003056769,0.011750619003056769,5.581387316629079,0.5731456,0.6469024,4,true
true,5.819749983282388,random1_random6.csv,4,21.8999999999934,21.8999999999934,0.009059144798963359,0.009059144798963359,5.819749983282388,0.9776149,0.6665977,4,true
true,2.813181247903924,random1_ready_pose.csv,5,8.100000000000025,8.100000000000025,0.08804480929042399,0.08804480929042399,2.813181247903924,0.3298121,0.2911371,5,true
true,3.8538517887255668,random1_right_forward.csv,4,14.399999999995684,14.399999999995684,0.02111442655431725,0.02111442655431725,3.8538517887255668,0.4423756,0.4012536,4,true
false,Inf,random1_right_push.csv,3000,Inf,Inf,Inf,Inf,Inf,12.6765855,12.6785363,3000,false
true,3.3817353623761854,random1_right_push_down.csv,8,16.200014862632074,16.200014862632074,0.01962815410644211,0.01962815410644211,3.3817353623761854,0.925575,0.9298518,8,true
true,2.990917655976536,random1_right_push_up.csv,5,9.900000000000029,9.900000000000029,0.051253222062092735,0.051253222062092735,2.990917655976536,0.383644,0.3799211,5,true
true,2.401736256545653,random1_right_rotated.csv,5,8.100000000000025,8.100000000000025,0.07610626931448437,0.07610626931448437,2.401736256545653,0.3061372,0.3101747,5,true
true,3.8538520375197747,random2_left_forward.csv,4,14.999999999995504,14.999999999995504,0.018655814082650376,0.018655814082650376,3.8538520375197747,0.4370112,0.5067932,4,true
false,Inf,random2_left_push.csv,3000,Inf,Inf,Inf,Inf,Inf,9.8162499,9.1534124,3000,false
true,3.3399041843217754,random2_left_push_down.csv,8,16.500013557596883,16.500013557596883,0.016273395363715925,0.016273395363715925,3.3399041843217754,0.9854596,1.0853162,8,true
true,2.9909176559765354,random2_left_push_up.csv,5,9.900000000000029,9.900000000000029,0.05125322206209271,0.05125322206209271,2.9909176559765354,0.3745293,0.3795419,5,true
true,2.4295957874609417,random2_left_rotated.csv,5,9.000000000000027,9.000000000000027,0.05615003710753671,0.05615003710753671,2.4295957874609417,0.3408781,0.351107,5,true
true,2.293760510942435,random2_random1.csv,5,9.000000000000027,9.000000000000027,0.05154505432198397,0.05154505432198397,2.293760510942435,0.3279186,0.3229343,5,true
true,4.223303477834396,random2_random3.csv,5,10.800000000000031,10.800000000000031,0.05651784531396377,0.05651784531396377,4.223303477834396,0.3882072,0.8244187,5,true
true,3.334098647041152,random2_random4.csv,4,14.699999999995594,14.699999999995594,0.01899899067957125,0.01899899067957125,3.334098647041152,0.4019543,0.4551292,4,true
true,5.819750041759501,random2_random5.csv,4,23.099999999993035,23.099999999993035,0.007721853105212657,0.007721853105212657,5.819750041759501,0.7819674,0.7855365,4,true
true,5.5813873716259295,random2_random6.csv,4,20.39999999999386,20.39999999999386,0.010737836339009113,0.010737836339009113,5.5813873716259295,0.651153,0.5560064,4,true
true,2.81318271067002,random2_ready_pose.csv,5,8.400000000000025,8.400000000000025,0.07906111457083123,0.07906111457083123,2.81318271067002,0.3030775,0.2971265,5,true
false,Inf,random2_right_forward.csv,3000,Inf,Inf,Inf,Inf,Inf,17.5023241,17.1909526,3000,false
true,2.645690197661888,random2_right_push.csv,4,10.799999999996762,10.799999999996762,0.03470018449404085,0.03470018449404085,2.645690197661888,0.2966993,0.3065066,4,true
true,7.909937029354382,random2_right_push_down.csv,22,17.69999999999992,17.69999999999992,0.07100835595896579,0.07100835595896579,7.909937029354382,4.3533386,3.899576,22,true
true,1.6992269468974435,random2_right_push_up.csv,6,4.500201811279766,4.500201811279766,0.3185145836534934,0.3185145836534934,1.6992269468974435,0.2112175,0.2047612,6,true
true,3.409831520994144,random2_right_rotated.csv,4,13.499999999995953,13.499999999995953,0.02264201261453105,0.02264201261453105,3.409831520994144,0.36287,0.3721114,4,true
true,5.384330590265714,random3_left_forward.csv,4,27.29999999999175,27.29999999999175,0.004335993720310926,0.004335993720310926,5.384330590265714,0.7231628,0.7358617,4,true
true,4.706698843638523,random3_left_push.csv,4,16.79999999999496,16.79999999999496,0.017681832470010837,0.017681832470010837,4.706698843638523,0.4619179,0.4519877,4,true
true,5.060055703434456,random3_left_push_down.csv,4,22.499999999993218,22.499999999993218,0.007278100947737756,0.007278100947737756,5.060055703434456,1.000309,0.6281756,4,true
true,3.8044006780174566,random3_left_push_up.csv,4,14.399999999995684,14.399999999995684,0.021572929022886076,0.021572929022886076,3.8044006780174566,0.3613512,0.3927616,4,true
true,3.9238800423845652,random3_left_rotated.csv,4,16.49999999999505,16.49999999999505,0.014289853378108619,0.014289853378108619,3.9238800423845652,0.4512979,0.4273143,4,true
true,3.334097897185994,random3_random1.csv,4,13.199999999996043,13.199999999996043,0.026253765805734377,0.026253765805734377,3.334097897185994,0.3544506,0.3615495,4,true
true,4.223305119050134,random3_random2.csv,4,14.399999999995684,14.399999999995684,0.023836540529089456,0.023836540529089456,4.223305119050134,0.3857131,0.3789528,4,true
true,5.130796878528787,random3_random4.csv,5,11.100000000000032,11.100000000000032,0.0614598662645857,0.0614598662645857,5.130796878528787,0.3987504,0.3894101,5,true
true,4.983925320656893,random3_random5.csv,4,20.999999999993676,20.999999999993676,0.009455016346811564,0.009455016346811564,4.983925320656893,0.5644964,0.5623659,4,true
true,7.390270110164026,random3_random6.csv,4,28.199999999991476,28.199999999991476,0.005424857117655122,0.005424857117655122,7.390270110164026,0.7936806,1.1369113,4,true
true,2.917151145907588,random3_ready_pose.csv,5,6.900000000000021,6.900000000000021,0.14749612094002768,0.14749612094002768,2.917151145907588,0.3080855,0.2224709,5,true
true,5.545413029133025,random3_right_forward.csv,4,26.099999999992118,26.099999999992118,0.005185909021354435,0.005185909021354435,5.545413029133025,0.696639,0.6779872,4,true
true,4.418771334139345,random3_right_push.csv,4,18.2999999999945,18.2999999999945,0.012100856664938129,0.012100856664938129,4.418771334139345,0.4849839,0.4895406,4,true
true,4.9620953348238315,random3_right_push_down.csv,4,22.19999999999331,22.19999999999331,0.007614635839282421,0.007614635839282421,4.9620953348238315,0.5895483,0.5974146,4,true
true,3.757827673164106,random3_right_push_up.csv,5,10.50000000000003,10.50000000000003,0.05324623834480908,0.05324623834480908,3.757827673164106,0.3739176,0.4079859,5,true
true,3.8311842606104065,random3_right_rotated.csv,4,17.699999999994684,17.699999999994684,0.011594113832340942,0.011594113832340942,3.8311842606104065,0.8122731,0.5337371,4,true
true,5.545413029133023,random4_left_forward.csv,4,26.099999999992118,26.099999999992118,0.005185909021354436,0.005185909021354436,5.545413029133023,0.6634741,0.6778635,4,true
true,4.763133587846846,random4_left_push.csv,4,19.799999999994043,19.799999999994043,0.010442135257766588,0.010442135257766588,4.763133587846846,0.51218,0.5155169,4,true
true,4.962095334823829,random4_left_push_down.csv,4,22.19999999999331,22.19999999999331,0.007614635839282421,0.007614635839282421,4.962095334823829,0.5700312,0.5909316,4,true
true,3.7578276731641056,random4_left_push_up.csv,5,10.50000000000003,10.50000000000003,0.05324623834480907,0.05324623834480907,3.7578276731641056,0.365996,0.3713237,5,true
true,3.8362837797512164,random4_left_rotated.csv,4,17.699999999994684,17.699999999994684,0.011605269216503858,0.011605269216503858,3.8362837797512164,0.4770647,0.8875972,4,true
true,4.223304507120853,random4_random1.csv,5,11.700000000000033,11.700000000000033,0.04449060295003795,0.04449060295003795,4.223304507120853,0.3772976,0.4138944,5,true
true,3.334097897185994,random4_random2.csv,4,13.199999999996043,13.199999999996043,0.026253765805734363,0.026253765805734363,3.334097897185994,0.3848411,0.3616849,4,true
true,5.1307968785287885,random4_random3.csv,5,11.100000000000032,11.100000000000032,0.0614598662645857,0.0614598662645857,5.1307968785287885,0.3968459,0.3774991,5,true
true,7.390270123182891,random4_random5.csv,4,29.0999999999912,29.0999999999912,0.004934651296005105,0.004934651296005105,7.390270123182891,0.7506896,0.760511,4,true
true,4.98392530097269,random4_random6.csv,4,20.699999999993768,20.699999999993768,0.009867357986095391,0.009867357986095391,4.98392530097269,0.5583534,0.5534913,4,true
true,2.917146060052333,random4_ready_pose.csv,5,6.60000000000002,6.60000000000002,0.16803671288604774,0.16803671288604774,2.917146060052333,0.2393196,0.2340456,5,true
true,5.384330511362759,random4_right_forward.csv,4,23.69999999999285,23.69999999999285,0.0066271908671173985,0.0066271908671173985,5.384330511362759,0.624735,0.6398477,4,true
true,4.1843561393931825,random4_right_push.csv,4,20.699999999993768,20.699999999993768,0.008350774132498254,0.008350774132498254,4.1843561393931825,0.9562605,0.5353181,4,true
true,5.060055703434456,random4_right_push_down.csv,4,22.499999999993218,22.499999999993218,0.007278100947737759,0.007278100947737759,5.060055703434456,0.6099273,0.6007478,4,true
true,3.804400678017456,random4_right_push_up.csv,4,14.399999999995684,14.399999999995684,0.021572929022886073,0.021572929022886073,3.804400678017456,0.3812425,0.3945771,4,true
true,3.927898058567311,random4_right_rotated.csv,4,16.49999999999505,16.49999999999505,0.014303658324710923,0.014303658324710923,3.927898058567311,0.4223474,0.4434283,4,true
true,6.895033808066938,random5_left_forward.csv,4,34.49999999998958,34.49999999998958,0.0027430880427495165,0.0027430880427495165,6.895033808066938,0.9050868,0.9144494,4,true
true,6.874881923453614,random5_left_push.csv,4,30.299999999990835,30.299999999990835,0.004048670268191117,0.004048670268191117,6.874881923453614,0.8482899,1.1436801,4,true
false,Inf,random5_left_push_down.csv,3000,Inf,Inf,Inf,Inf,Inf,21.2376632,21.2053394,3000,false
true,5.834182895694163,random5_left_push_up.csv,4,26.099999999992118,26.099999999992118,0.00536282502237492,0.00536282502237492,5.834182895694163,0.6896051,0.7624627,4,true
true,6.083867622106915,random5_left_rotated.csv,4,24.899999999992485,24.899999999992485,0.0064607699889478645,0.0064607699889478645,6.083867622106915,1.002047,0.6755135,4,true
true,5.581387541190293,random5_random1.csv,4,23.399999999992943,23.399999999992943,0.007112161312148057,0.007112161312148057,5.581387541190293,0.6136747,0.6138263,4,true
true,5.819749901979703,random5_random2.csv,4,20.699999999993768,20.699999999993768,0.010728186416538608,0.010728186416538608,5.819749901979703,0.5448919,0.5594728,4,true
true,4.983925279499184,random5_random3.csv,4,20.39999999999386,20.39999999999386,0.010310713181972093,0.010310713181972093,4.983925279499184,0.5535728,0.614321,4,true
true,7.390270067847731,random5_random4.csv,4,26.099999999992118,26.099999999992118,0.006840829523586938,0.006840829523586938,7.390270067847731,1.0210451,0.7346658,4,true
false,Inf,random5_random6.csv,3000,Inf,Inf,Inf,Inf,Inf,10.5774002,10.6282561,3000,false
true,5.365704320668936,random5_ready_pose.csv,4,22.799999999993126,22.799999999993126,0.007527944928226243,0.007527944928226243,5.365704320668936,0.6063865,0.6023988,4,true
true,6.418791099494165,random5_right_forward.csv,4,30.599999999990743,30.599999999990743,0.003660202706261862,0.003660202706261862,6.418791099494165,1.2316933,0.8065485,4,true
true,5.613262749783645,random5_right_push.csv,4,28.199999999991476,28.199999999991476,0.00419593414223446,0.00419593414223446,5.613262749783645,0.7427438,0.7251556,4,true
true,5.9426247182291405,random5_right_push_down.csv,4,23.99999999999276,23.99999999999276,0.0070272449356028515,0.0070272449356028515,5.9426247182291405,0.6347283,0.6437891,4,true
true,5.311322329979797,random5_right_push_up.csv,4,23.69999999999285,23.69999999999285,0.006563851715108158,0.006563851715108158,5.311322329979797,0.6450432,0.6932696,4,true
true,5.358034531290839,random5_right_rotated.csv,4,19.799999999994043,19.799999999994043,0.011341699111189913,0.011341699111189913,5.358034531290839,0.8795462,0.5808946,4,true
true,6.418791094112863,random6_left_forward.csv,4,29.999999999990926,29.999999999990926,0.003885503911677729,0.003885503911677729,6.418791094112863,0.7613758,0.7915221,4,true
true,5.598095374511037,random6_left_push.csv,4,28.799999999991293,28.799999999991293,0.003959406460231553,0.003959406460231553,5.598095374511037,0.7565309,0.7624281,4,true
true,5.9426247182291405,random6_left_push_down.csv,4,23.99999999999276,23.99999999999276,0.0070272449356028515,0.0070272449356028515,5.9426247182291405,0.6200002,0.6467735,4,true
true,5.311322308973091,random6_left_push_up.csv,4,23.099999999993035,23.099999999993035,0.0070892873953323264,0.0070892873953323264,5.311322308973091,0.626741,1.0097895,4,true
true,5.4013140850120225,random6_left_rotated.csv,4,20.999999999993676,20.999999999993676,0.009588146311532845,0.009588146311532845,5.4013140850120225,0.6108963,0.5580829,4,true
true,5.819749901979702,random6_random1.csv,4,20.699999999993768,20.699999999993768,0.010728186416538613,0.010728186416538613,5.819749901979702,0.5401254,0.5542525,4,true
true,5.581387541190293,random6_random2.csv,4,23.399999999992943,23.399999999992943,0.007112161312148058,0.007112161312148058,5.581387541190293,0.604789,0.6273737,4,true
true,7.390270094394833,random6_random3.csv,4,27.29999999999175,27.29999999999175,0.00597897741655442,0.00597897741655442,7.390270094394833,0.7193282,0.7186147,4,true
true,4.98392525604371,random6_random4.csv,4,20.09999999999395,20.09999999999395,0.010784258944862863,0.010784258944862863,4.98392525604371,0.5482537,0.9670397,4,true
false,Inf,random6_random5.csv,3000,Inf,Inf,Inf,Inf,Inf,11.052072,11.0009671,3000,false
true,5.365704320668935,random6_ready_pose.csv,4,22.799999999993126,22.799999999993126,0.0075279449282262415,0.0075279449282262415,5.365704320668935,0.6059698,0.5974575,4,true
true,6.8950338080669376,random6_right_forward.csv,4,34.49999999998958,34.49999999998958,0.002743088042749517,0.002743088042749517,6.8950338080669376,1.3244048,0.8934112,4,true
true,6.347756302391718,random6_right_push.csv,4,29.39999999999111,29.39999999999111,0.004083873259694676,0.004083873259694676,6.347756302391718,0.7580318,0.7588318,4,true
true,11.199819181505172,random6_right_push_down.csv,9,34.20000000000046,34.20000000000046,0.01799623125235944,0.01799623125235944,11.199819181505172,2.3027625,2.3725516,9,true
true,5.83418282006274,random6_right_push_up.csv,4,23.399999999992943,23.399999999992943,0.007440015547581142,0.007440015547581142,5.83418282006274,0.6277813,0.6760354,4,true
true,6.090411326265205,random6_right_rotated.csv,4,25.4999999999923,25.4999999999923,0.006024355214311632,0.006024355214311632,6.090411326265205,1.1155589,0.7937174,4,true
true,5.142216335470972,ready_pose_left_forward.csv,4,18.899999999994318,18.899999999994318,0.012662981239144869,0.012662981239144869,5.142216335470972,0.4943797,0.5039229,4,true
true,3.984971620193441,ready_pose_left_push.csv,5,13.800000000000038,13.800000000000038,0.029060329612076705,0.029060329612076705,3.984971620193441,0.4563242,0.444758,5,true
true,4.756304438311354,ready_pose_left_push_down.csv,4,17.399999999994776,17.399999999994776,0.01499480212211786,0.01499480212211786,4.756304438311354,0.4394307,0.4499102,4,true
true,2.736332520010723,ready_pose_left_push_up.csv,5,7.800000000000023,7.800000000000023,0.10436912797067238,0.10436912797067238,2.736332520010723,0.2606412,0.2772084,5,true
true,2.8649792385144837,ready_pose_left_rotated.csv,5,8.100000000000025,8.100000000000025,0.09203674956383938,0.09203674956383938,2.8649792385144837,0.2582498,0.2878925,5,true
true,2.813183890310164,ready_pose_random1.csv,5,8.700000000000026,8.700000000000026,0.07111659305624723,0.07111659305624723,2.813183890310164,0.2861307,0.3024238,5,true
true,2.813184848760265,ready_pose_random2.csv,5,9.000000000000027,9.000000000000027,0.06408706742646551,0.06408706742646551,2.813184848760265,0.2916808,0.3084435,5,true
true,2.9171460600523313,ready_pose_random3.csv,5,6.60000000000002,6.60000000000002,0.1680367128860478,0.1680367128860478,2.9171460600523313,0.2232773,0.2284933,5,true
true,2.9171393680505635,ready_pose_random4.csv,5,6.300000000000019,6.300000000000019,0.19271286314085798,0.19271286314085798,2.9171393680505635,0.2135881,0.2333697,5,true
true,5.365704401349914,ready_pose_random5.csv,4,25.4999999999923,25.4999999999923,0.0053802840880212205,0.0053802840880212205,5.365704401349914,0.6586934,0.721739,4,true
true,5.365704363259376,ready_pose_random6.csv,4,23.99999999999276,23.99999999999276,0.006453753303490484,0.006453753303490484,5.365704363259376,1.0025032,0.6853415,4,true
true,5.142216335470971,ready_pose_right_forward.csv,4,18.899999999994318,18.899999999994318,0.012662981239144878,0.012662981239144878,5.142216335470971,0.4948881,0.4759838,4,true
true,3.5489847798018426,ready_pose_right_push.csv,4,15.599999999995324,15.599999999995324,0.01789282888742226,0.01789282888742226,3.5489847798018426,0.3829548,0.4010577,4,true
true,4.756304161195324,ready_pose_right_push_down.csv,4,16.199999999995143,16.199999999995143,0.018570410023681653,0.018570410023681653,4.756304161195324,0.4084791,0.4179933,4,true
true,2.736332520010723,ready_pose_right_push_up.csv,5,7.800000000000023,7.800000000000023,0.10436912797067235,0.10436912797067235,2.736332520010723,0.2622502,0.2638054,5,true
true,2.8988946055447644,ready_pose_right_rotated.csv,5,8.100000000000025,8.100000000000025,0.09276255796466926,0.09276255796466926,2.8988946055447644,0.2802355,0.2748759,5,true
true,6.3907602881697745,right_forward_left_forward.csv,4,26.399999999992026,26.399999999992026,0.005671778657803806,0.005671778657803806,6.3907602881697745,0.709829,0.7173066,4,true
true,4.376050662192454,right_forward_left_push.csv,4,16.199999999995143,16.199999999995143,0.016860571433360658,0.016860571433360658,4.376050662192454,0.4550685,0.4280052,4,true
true,4.595309495594534,right_forward_left_push_down.csv,4,21.599999999993493,21.599999999993493,0.007564137366245748,0.007564137366245748,4.595309495594534,0.5702097,1.0184665,4,true
true,3.120785888223808,right_forward_left_push_up.csv,4,10.199999999996942,10.199999999996942,0.04816262232226269,0.04816262232226269,3.120785888223808,0.2518928,0.2742438,4,true
true,5.268014937437472,right_forward_left_rotated.csv,4,23.399999999992943,23.399999999992943,0.006832148202573974,0.006832148202573974,5.268014937437472,0.6584889,0.6383263,4,true
true,3.8538524539118577,right_forward_random1.csv,4,16.49999999999505,16.49999999999505,0.01401947956993273,0.01401947956993273,3.8538524539118577,0.4266053,0.4238687,4,true
false,Inf,right_forward_random2.csv,3000,Inf,Inf,Inf,Inf,Inf,9.9429449,9.9237938,3000,false
true,5.5454130445633,right_forward_random3.csv,4,26.999999999991843,26.999999999991843,0.0046859051963672235,0.0046859051963672235,5.5454130445633,0.7161353,0.7280276,4,true
true,5.384330520851903,right_forward_random4.csv,4,23.99999999999276,23.99999999999276,0.006383228091814405,0.006383228091814405,5.384330520851903,0.6574172,0.6624746,4,true
true,6.418791094112861,right_forward_random5.csv,4,29.999999999990926,29.999999999990926,0.0038855039116777296,0.0038855039116777296,6.418791094112861,1.2612363,0.8578358,4,true
true,6.895033813909875,right_forward_random6.csv,4,35.99999999998914,35.99999999998914,0.0024141497576685342,0.0024141497576685342,6.895033813909875,0.9719549,1.0249694,4,true
true,5.142216402187458,right_forward_ready_pose.csv,4,19.499999999994134,19.499999999994134,0.011530659230635083,0.011530659230635083,5.142216402187458,0.5082587,0.5099263,4,true
true,4.728725103381509,right_forward_right_push.csv,7,18.9000034729056,18.9000034729056,0.01232552511799984,0.01232552511799984,4.728725103381509,1.3572812,0.9588332,7,true
true,2.86628829488547,right_forward_right_push_down.csv,5,7.800000000000023,7.800000000000023,0.1007200821261492,0.1007200821261492,2.86628829488547,0.3050665,0.2629242,5,true
true,4.611110266234014,right_forward_right_push_up.csv,18,19.500001969065774,19.500001969065774,0.012953699608170862,0.012953699608170862,4.611110266234014,6.6555789,6.290788,18,true
true,3.775782693157795,right_forward_right_rotated.csv,4,14.999999999995504,14.999999999995504,0.01840755831545195,0.01840755831545195,3.775782693157795,0.4195175,0.4120093,4,true
true,4.595309404054507,right_push_down_left_forward.csv,4,20.09999999999395,20.09999999999395,0.009388797477419828,0.009388797477419828,4.595309404054507,0.5406752,0.5414535,4,true
true,2.8416620196629565,right_push_down_left_push.csv,4,11.099999999996673,11.099999999996673,0.03423965279472877,0.03423965279472877,2.8416620196629565,0.3226529,0.309773,4,true
true,3.7152282234366205,right_push_down_left_push_down.csv,13,12.000168189004684,12.000168189004684,0.04186720006957925,0.04186720006957925,3.7152282234366205,2.1865494,2.1496209,13,true
true,2.885378482913874,right_push_down_left_push_up.csv,4,11.399999999996583,11.399999999996583,0.03265741969452646,0.03265741969452646,2.885378482913874,0.3176451,0.3147927,4,true
true,8.956278058670613,right_push_down_left_rotated.csv,28,19.50003190861643,19.50003190861643,0.061983239252437476,0.061983239252437476,8.956278058670613,9.6776802,8.8656904,28,true
true,3.3895158485971564,right_push_down_random1.csv,8,16.800012387402564,16.800012387402564,0.01763150249361881,0.01763150249361881,3.3895158485971564,0.9468645,0.9395092,8,true
true,7.910093584785789,right_push_down_random2.csv,23,17.699999999999854,17.699999999999854,0.07100931794463576,0.07100931794463576,7.910093584785789,4.8329862,4.7226915,23,true
true,4.962095428208599,right_push_down_random3.csv,4,25.199999999992393,25.199999999992393,0.0052066201014285595,0.0052066201014285595,4.962095428208599,0.7130025,0.7315613,4,true
true,5.060055715591465,right_push_down_random4.csv,4,22.799999999993126,22.799999999993126,0.0069948840224740745,0.0069948840224740745,5.060055715591465,0.6600233,1.1171736,4,true
true,5.9426247369672485,right_push_down_random5.csv,4,24.599999999992576,24.599999999992576,0.006523594265032359,0.006523594265032359,5.9426247369672485,0.7294927,0.7237445,4,true
true,15.167299057205074,right_push_down_random6.csv,9,33.000000000000064,33.000000000000064,0.027648053332256093,0.027648053332256093,15.167299057205074,2.2163436,2.194018,9,true
true,4.756304161195326,right_push_down_ready_pose.csv,4,16.199999999995143,16.199999999995143,0.018570410023681632,0.018570410023681632,4.756304161195326,0.4759053,0.5367631,4,true
true,2.8662882948854715,right_push_down_right_forward.csv,5,7.800000000000023,7.800000000000023,0.10072008212614922,0.10072008212614922,2.8662882948854715,0.3228992,0.3268743,5,true
false,Inf,right_push_down_right_push.csv,3000,Inf,Inf,Inf,Inf,Inf,7.3001182,7.8534086,3000,false
false,Inf,right_push_down_right_push_up.csv,3000,Inf,Inf,Inf,Inf,Inf,16.056925,14.8203032,3000,false
true,2.9469200648083054,right_push_down_right_rotated.csv,5,8.400000000000025,8.400000000000025,0.08170294602352643,0.08170294602352643,2.9469200648083054,0.3795117,0.3704744,5,true
true,3.2622377987386395,right_push_left_forward.csv,4,13.499999999995953,13.499999999995953,0.021998453209864943,0.021998453209864943,3.2622377987386395,0.492937,0.4837225,4,true
false,Inf,right_push_left_push.csv,3000,Inf,Inf,Inf,Inf,Inf,7.5394769,7.8346365,3000,false
true,2.2797196681435272,right_push_left_push_down.csv,5,8.100000000000025,8.100000000000025,0.07198113892509636,0.07198113892509636,2.2797196681435272,0.398851,0.3641591,5,true
true,4.005953117980987,right_push_left_push_up.csv,23,13.500549040342092,13.500549040342092,0.032858102543849035,0.032858102543849035,4.005953117980987,4.8518944,4.6057437,23,true
true,3.0248285369382697,right_push_left_rotated.csv,9,13.800278825727592,13.800278825727592,0.022517863839813,0.022517863839813,3.0248285369382697,0.9742018,0.9929591,9,true
true,3.8384524776114466,right_push_random1.csv,12,16.499999999999947,16.499999999999947,0.018216918974330375,0.018216918974330375,3.8384524776114466,1.6336228,2.0730243,12,true
true,2.6456906977245795,right_push_random2.csv,4,11.099999999996673,11.099999999996673,0.03201071918306697,0.03201071918306697,2.6456906977245795,0.4405366,0.3366557,4,true
true,4.41877129401209,right_push_random3.csv,4,17.999999999994593,17.999999999994593,0.012710703580307837,0.012710703580307837,4.41877129401209,0.5506706,0.5584497,4,true
true,4.184355898561942,right_push_random4.csv,4,17.999999999994593,17.999999999994593,0.012705804591350763,0.012705804591350763,4.184355898561942,0.5119375,0.5637343,4,true
true,5.613262753289356,right_push_random5.csv,4,28.499999999991385,28.499999999991385,0.004064894964204735,0.004064894964204735,5.613262753289356,0.8844788,0.8816539,4,true
true,6.347756302391719,right_push_random6.csv,4,29.39999999999111,29.39999999999111,0.004083873259694677,0.004083873259694677,6.347756302391719,0.915381,0.928376,4,true
true,3.548984232767293,right_push_ready_pose.csv,4,14.099999999995774,14.099999999995774,0.024239682399503193,0.024239682399503193,3.548984232767293,0.4190158,0.4781714,4,true
true,4.728889341528039,right_push_right_forward.csv,8,16.50000685165765,16.50000685165765,0.01848391434249257,0.01848391434249257,4.728889341528039,1.5567463,1.0543448,8,true
true,3.5748493085237434,right_push_right_push_down.csv,18,11.700083559013242,11.700083559013242,0.04571980895541087,0.04571980895541087,3.5748493085237434,3.748779,3.6505258,18,true
true,1.796868526866249,right_push_right_push_up.csv,5,4.800000000000016,4.800000000000016,0.2679358102292164,0.2679358102292164,1.796868526866249,0.1968661,0.1934442,5,true
true,4.185670041044063,right_push_right_rotated.csv,4,17.399999999994776,17.399999999994776,0.013489618395351899,0.013489618395351899,4.185670041044063,0.4961355,0.5040944,4,true
true,3.120785888223807,right_push_up_left_forward.csv,4,10.199999999996942,10.199999999996942,0.048162622322262684,0.048162622322262684,3.120785888223807,0.3298145,0.3116812,4,true
false,Inf,right_push_up_left_push.csv,3000,Inf,Inf,Inf,Inf,Inf,15.9165812,16.1670222,3000,false
true,2.8853795098188764,right_push_up_left_push_down.csv,4,12.299999999996313,12.299999999996313,0.025958867671019615,0.025958867671019615,2.8853795098188764,0.3783012,0.3694553,4,true
true,3.2314050201002535,right_push_up_left_push_up.csv,23,7.499999999999947,7.499999999999947,0.12770285082720234,0.12770285082720234,3.2314050201002535,2.0366182,1.997552,23,true
true,2.2979255672923125,right_push_up_left_rotated.csv,5,7.2000000000000215,7.2000000000000215,0.1014001458887942,0.1014001458887942,2.2979255672923125,0.3364887,0.299044,5,true
true,2.9909197759588815,right_push_up_random1.csv,4,13.799999999995864,13.799999999995864,0.01885746274813622,0.01885746274813622,2.9909197759588815,0.4235776,0.9155659,4,true
true,1.6992269468974435,right_push_up_random2.csv,6,4.500201811279766,4.500201811279766,0.31851458365349344,0.31851458365349344,1.6992269468974435,0.2210949,0.2279061,6,true
true,3.757829053176592,right_push_up_random3.csv,4,13.499999999995953,13.499999999995953,0.025002576023371557,0.025002576023371557,3.757829053176592,0.4967905,0.4027824,4,true
true,3.8044013346683396,right_push_up_random4.csv,4,16.49999999999505,16.49999999999505,0.014323914358835383,0.014323914358835383,3.8044013346683396,0.5089333,0.5269137,4,true
true,5.311322339340281,right_push_up_random5.csv,4,23.99999999999276,23.99999999999276,0.006322220605758258,0.006322220605758258,5.311322339340281,0.7298405,0.6815493,4,true
true,5.834182882854526,right_push_up_random6.csv,4,25.4999999999923,25.4999999999923,0.005752496174711469,0.005752496174711469,5.834182882854526,0.7683485,0.7468394,4,true
true,2.7363325200107247,right_push_up_ready_pose.csv,5,7.800000000000023,7.800000000000023,0.1043691279706723,0.1043691279706723,2.7363325200107247,0.3450905,0.4052224,5,true
false,Inf,right_push_up_right_forward.csv,3000,Inf,Inf,Inf,Inf,Inf,7.2443303,7.1095708,3000,false
true,1.7969260286781643,right_push_up_right_push.csv,6,3.9004429725749166,3.9004429725749166,0.5065866294046744,0.5065866294046744,1.7969260286781643,0.1776959,0.1740415,6,true
true,3.590945172217783,right_push_up_right_push_down.csv,33,15.000000000045546,15.000000000045546,0.020314857125474556,0.020314857125474556,3.590945172217783,7.1247926,7.5546328,33,true
true,3.39268512455168,right_push_up_right_rotated.csv,5,11.100000000000032,11.100000000000032,0.04110268918952532,0.04110268918952532,3.39268512455168,0.3770367,0.3838006,5,true
true,5.181404401798363,right_rotated_left_forward.csv,4,23.099999999993035,23.099999999993035,0.006971724978850997,0.006971724978850997,5.181404401798363,0.6061628,0.6063266,4,true
true,3.302370342161951,right_rotated_left_push.csv,4,14.099999999995774,14.099999999995774,0.019879132761741018,0.019879132761741018,3.302370342161951,0.3807164,0.3834087,4,true
true,5.090698240341823,right_rotated_left_push_down.csv,12,19.199999474999384,19.199999474999384,0.018109916866158083,0.018109916866158083,5.090698240341823,1.6125573,1.6269524,12,true
true,2.2645237588124276,right_rotated_left_push_up.csv,5,8.100000000000025,8.100000000000025,0.06993961824334166,0.06993961824334166,2.2645237588124276,0.28848,0.29443,5,true
true,4.717321783920158,right_rotated_left_rotated.csv,12,14.099999976675772,14.099999976675772,0.027562559280018314,0.027562559280018314,4.717321783920158,1.0948772,1.5266641,12,true
true,2.401739330754695,right_rotated_random1.csv,5,9.000000000000027,9.000000000000027,0.05539710577423658,0.05539710577423658,2.401739330754695,0.3160682,0.3671228,5,true
true,3.409831100560579,right_rotated_random2.csv,4,12.899999999996133,12.899999999996133,0.02600900910806562,0.02600900910806562,3.409831100560579,0.3196216,0.3581253,4,true
true,3.8311839220221944,right_rotated_random3.csv,4,15.899999999995234,15.899999999995234,0.016012935446094913,0.016012935446094913,3.8311839220221944,0.4105774,0.4067224,4,true
true,3.9278977397282784,right_rotated_random4.csv,4,15.299999999995414,15.299999999995414,0.01795304362942085,0.01795304362942085,3.9278977397282784,0.4043789,0.4021931,4,true
true,5.358033873298131,right_rotated_random5.csv,4,16.199999999995143,16.199999999995143,0.020695598571474096,0.020695598571474096,5.358033873298131,0.4310392,0.4337277,4,true
true,6.090411302234159,right_rotated_random6.csv,4,24.599999999992576,24.599999999992576,0.0067084096491942,0.0067084096491942,6.090411302234159,0.6392622,0.6617719,4,true
true,2.8988973284611093,right_rotated_ready_pose.csv,5,8.700000000000026,8.700000000000026,0.07492726872596481,0.07492726872596481,2.8988973284611093,0.3060526,0.288397,5,true
true,3.775782449403531,right_rotated_right_forward.csv,4,14.399999999995684,14.399999999995684,0.020833453655467894,0.020833453655467894,3.775782449403531,0.3963468,0.3868735,4,true
true,4.185669932143081,right_rotated_right_push.csv,4,16.79999999999496,16.79999999999496,0.014991342658829272,0.014991342658829272,4.185669932143081,0.4547731,0.4472699,4,true
true,2.946920064808305,right_rotated_right_push_down.csv,5,8.400000000000025,8.400000000000025,0.08170294602352646,0.08170294602352646,2.946920064808305,0.2941684,0.2876488,5,true
true,3.392684698351172,right_rotated_right_push_up.csv,4,12.299999999996313,12.299999999996313,0.03014313438434037,0.03014313438434037,3.392684698351172,0.3406093,0.3922764,4,true
