warm_success,run_min_time,filename,N_knot_points,warm_iterations,cold_traj_actual_duration,cold_avg_jerk_metric,warm_traj_length_metric,cold_traj_length_metric,solver,dt_used,warm_avg_jerk_metric,warm_time_s,cold_time_s,warm_traj_actual_duration,cold_iterations,cold_success
true,false,left_forward_left_push.csv,3,-1,4.0,0.0,5.083139405504574,4.6621328335662735,dircol,2.0,0.0,1.4548287,0.0099501,4.0,-1,true
true,false,left_forward_left_push_down.csv,2,-1,2.0,0.0,2.8662990998466826,2.8662990998466826,dircol,2.0,0.0,0.005595,0.0056425,2.0,-1,true
true,false,left_forward_left_push_up.csv,4,-1,6.0,0.5362453187462186,4.539631807640241,4.55260207470749,dircol,2.0,0.551752562672957,0.4743974,0.3622283,6.0,-1,true
true,false,left_forward_left_rotated.csv,3,-1,4.0,0.0,4.072158553977598,3.866611559402748,dircol,2.0,0.0,0.011463,0.0103115,4.0,-1,true
true,false,left_forward_random1.csv,3,-1,4.0,0.0,4.718099002699182,4.459482497363217,dircol,2.0,0.0,0.0105567,0.0524687,4.0,-1,true
true,false,left_forward_random2.csv,3,-1,4.0,0.0,4.053895632285354,3.853853135438988,dircol,2.0,0.0,0.0081234,0.008455,4.0,-1,true
true,false,left_forward_random3.csv,5,-1,8.0,0.31251867220522833,5.627708646427009,5.565921638067594,dircol,2.0,0.33791464990799247,0.3544082,1.9506198,8.0,-1,true
true,false,left_forward_random4.csv,5,-1,8.0,0.3721053303725849,6.03235641883349,5.855223839568982,dircol,2.0,0.42273861228863147,2.4617804,1.9988091,8.0,-1,true
true,false,left_forward_random5.csv,7,-1,12.0,0.4690435668209767,23.095601424902718,13.590046164962676,dircol,2.0,0.915545262283875,35.0119692,9.5047415,12.0,-1,true
true,false,left_forward_random6.csv,6,-1,10.0,0.3060769723050621,7.526883830370688,7.9074846822092475,dircol,2.0,0.26840449130000443,19.6484422,0.6535761,10.0,-1,true
true,false,left_forward_ready_pose.csv,4,-1,6.0,0.6167302721482285,5.142216796460822,5.142216796480879,dircol,2.0,0.6167302754366291,0.3088329,0.0396175,6.0,-1,true
true,false,left_forward_right_forward.csv,5,-1,8.0,0.2838790971540883,6.5787582814352605,6.393024655076439,dircol,2.0,0.3723768931556751,3.0685434,0.1451026,8.0,-1,true
true,false,left_forward_right_push.csv,3,-1,4.0,0.0,3.409557627713493,3.2622393732540957,dircol,2.0,0.0,0.0082212,0.0076983,4.0,-1,true
true,false,left_forward_right_push_down.csv,4,-1,6.0,0.5498872719587028,4.595309706852125,4.595309698315525,dircol,2.0,0.5498865581642222,0.0412777,0.2481479,6.0,-1,true
true,false,left_forward_right_push_up.csv,2,-1,2.0,0.0,3.1207920150333304,3.1207920150333304,dircol,2.0,0.0,0.0059884,0.0361254,2.0,-1,true
true,false,left_forward_right_rotated.csv,4,-1,6.0,0.6200084058328251,5.181404572060265,5.181404572058278,dircol,2.0,0.6200084366017985,0.2282927,0.042102,6.0,-1,true
true,false,left_push_down_left_forward.csv,2,-1,2.0,0.0,2.8662990998466826,2.8662990998466826,dircol,2.0,0.0,0.0051255,0.0048477,2.0,-1,true
true,false,left_push_down_left_push.csv,3,-1,4.0,0.0,4.933115631094925,4.261263650367889,dircol,2.0,0.0,0.0079068,0.0074352,4.0,-1,true
true,false,left_push_down_left_push_up.csv,3,-1,4.0,0.0,3.813652014856891,3.552676399115513,dircol,2.0,0.0,0.0081298,0.0084687,4.0,-1,true
true,false,left_push_down_left_rotated.csv,2,-1,2.0,0.0,3.049615990438665,3.049615990438665,dircol,2.0,0.0,0.0053461,0.0053493,2.0,-1,true
true,false,left_push_down_random1.csv,4,-1,6.0,0.4672359126951508,3.7707860835608993,3.7707860835607057,dircol,2.0,0.46723590408864274,0.2653953,0.1920662,6.0,-1,true
true,false,left_push_down_random2.csv,4,-1,6.0,0.39165278295871087,3.297436658862939,3.297436658838116,dircol,2.0,0.3916528156977482,0.247733,0.2501782,6.0,-1,true
true,false,left_push_down_random3.csv,4,-1,6.0,0.5980076130259097,5.060055893097653,5.060055893097654,dircol,2.0,0.5980076130259097,0.0777445,0.0384896,6.0,-1,true
true,false,left_push_down_random4.csv,4,-1,6.0,0.6011686950227093,4.962095533661508,4.962095533730282,dircol,2.0,0.6011687062864566,0.2917178,0.0419741,6.0,-1,true
true,false,left_push_down_random5.csv,6,-1,10.0,0.42569359645605187,9.227902252634221,9.468434034933654,dircol,2.0,0.4088802802889244,22.0078683,20.0123636,10.0,-1,true
true,false,left_push_down_random6.csv,5,-1,8.0,0.27377980419854253,5.991845435163437,5.966600605447669,dircol,2.0,0.28444091738731975,3.5260221,2.6552637,8.0,-1,true
true,false,left_push_down_ready_pose.csv,3,-1,4.0,0.0,5.162754188450613,4.756305083181291,dircol,2.0,0.0,0.0078325,0.007714,4.0,-1,true
true,false,left_push_down_right_forward.csv,4,-1,6.0,0.5498865946351054,4.595309706891118,4.595309721491672,dircol,2.0,0.5498865581298262,0.6647025,0.2839262,6.0,-1,true
true,false,left_push_down_right_push.csv,2,-1,2.0,0.0,2.279726780187053,2.279726780187053,dircol,2.0,0.0,0.0056642,0.0053502,2.0,-1,true
true,false,left_push_down_right_push_down.csv,3,-1,4.0,0.0,4.077698211138535,3.694825766077746,dircol,2.0,0.0,0.0088442,0.0083672,4.0,-1,true
true,false,left_push_down_right_push_up.csv,2,-1,2.0,0.0,2.885381728831922,2.885381728831922,dircol,2.0,0.0,0.005723,0.0055857,2.0,-1,true
true,false,left_push_down_right_rotated.csv,4,-1,6.0,0.5958101916350738,4.968416978033758,4.968416978033229,dircol,2.0,0.5958101913058417,0.3177338,0.2199166,6.0,-1,true
true,false,left_push_left_forward.csv,3,-1,4.0,0.0,5.101625076578903,4.662132833566274,dircol,2.0,0.0,0.0085929,0.0085448,4.0,-1,true
true,false,left_push_left_push_down.csv,3,-1,4.0,0.0,5.019048933274444,4.261263650367889,dircol,2.0,0.0,0.0095897,0.008497,4.0,-1,true
true,false,left_push_left_push_up.csv,2,-1,2.0,0.0,2.4814199173259635,2.4814199173259635,dircol,2.0,0.0,0.0057938,0.0052806,2.0,-1,true
true,false,left_push_left_rotated.csv,4,-1,6.0,0.6041592181588427,4.9339890674696605,4.93398906746966,dircol,2.0,0.6041592181588425,0.0927033,0.0417615,6.0,-1,true
true,false,left_push_random1.csv,3,-1,4.0,0.0,3.3933759790111173,3.152266786712116,dircol,2.0,0.0,0.008224,0.007938,4.0,-1,true
true,false,left_push_random2.csv,4,-1,6.0,0.5344358444180187,4.325002780099223,4.325002780097181,dircol,2.0,0.5344358443521372,0.0432012,0.2045811,6.0,-1,true
true,false,left_push_random3.csv,4,-1,6.0,0.6044885194591513,4.70669960423973,4.70669960423973,dircol,2.0,0.6044885194591514,0.0447648,0.0428927,6.0,-1,true
true,false,left_push_random4.csv,4,-1,6.0,0.5845344117684511,4.763133926220571,4.76313392622057,dircol,2.0,0.5845344117684509,0.0553071,0.0746159,6.0,-1,true
true,false,left_push_random5.csv,6,-1,10.0,0.3762190102652002,9.094568930939566,8.809923466431819,dircol,2.0,0.395243994493916,5.5392177,9.3193672,10.0,-1,true
true,false,left_push_random6.csv,6,-1,10.0,0.45932603045119996,7.9447720409082105,9.442990928757778,dircol,2.0,0.345286801699259,8.8296403,10.1882504,10.0,-1,true
true,false,left_push_ready_pose.csv,3,-1,4.0,0.0,4.349376293859546,3.9849724823263686,dircol,2.0,0.0,0.0083381,0.0078665,4.0,-1,true
true,false,left_push_right_forward.csv,3,-1,4.0,0.0,4.739517046770274,4.376051510468166,dircol,2.0,0.0,0.0086151,0.0081119,4.0,-1,true
true,false,left_push_right_push_down.csv,3,-1,4.0,0.0,3.167288817364013,2.841665672961818,dircol,2.0,0.0,0.0081503,0.008465,4.0,-1,true
true,false,left_push_right_push_up.csv,3,-1,4.0,0.0,4.779073277445581,4.539539665118668,dircol,2.0,0.0,0.0086445,0.0088841,4.0,-1,true
true,false,left_push_right_rotated.csv,3,-1,4.0,0.0,3.564800779954844,3.3023716243637233,dircol,2.0,0.0,0.0091653,0.0097322,4.0,-1,true
true,false,left_push_up_left_forward.csv,4,-1,6.0,0.5362453187462185,4.539631804623288,4.55260207470749,dircol,2.0,0.5517525934796964,0.1805369,0.3488319,6.0,-1,true
true,false,left_push_up_left_push.csv,2,-1,2.0,0.0,2.4814199173259635,2.4814199173259635,dircol,2.0,0.0,0.0054251,0.0048653,2.0,-1,true
true,false,left_push_up_left_push_down.csv,3,-1,4.0,0.0,3.6726954817938045,3.552676399115513,dircol,2.0,0.0,0.0080507,0.0082046,4.0,-1,true
true,false,left_push_up_left_rotated.csv,3,-1,4.0,0.0,3.8071087738548424,3.495340395105024,dircol,2.0,0.0,0.0086853,0.0094238,4.0,-1,true
true,false,left_push_up_random1.csv,2,-1,2.0,0.0,1.6992362102879381,1.6992362102879381,dircol,2.0,0.0,0.0057103,0.0059658,2.0,-1,true
true,false,left_push_up_random2.csv,3,-1,4.0,0.0,3.174718739916522,2.9909210691754637,dircol,2.0,0.0,0.0100161,0.009877,4.0,-1,true
true,false,left_push_up_random3.csv,3,-1,4.0,0.0,3.8496972830361456,3.8044020074503804,dircol,2.0,0.0,0.0097877,0.0098525,4.0,-1,true
true,false,left_push_up_random4.csv,3,-1,4.0,0.0,4.099598170422554,3.7578308668886202,dircol,2.0,0.0,0.0090371,0.0095073,4.0,-1,true
true,false,left_push_up_random5.csv,5,-1,8.0,0.26468859742322015,5.959452954876371,5.848825130247149,dircol,2.0,0.3137861861000168,1.882966,0.1916789,8.0,-1,true
true,false,left_push_up_random6.csv,5,-1,8.0,0.3611988999378788,5.59510519690017,5.638606305837074,dircol,2.0,0.3427359496519368,0.4599002,2.1786294,8.0,-1,true
true,false,left_push_up_ready_pose.csv,2,-1,2.0,0.0,2.7363428350815386,2.7363428350815386,dircol,2.0,0.0,0.0066053,0.0058386,2.0,-1,true
true,false,left_push_up_right_forward.csv,2,-1,2.0,0.0,3.1207920150333304,3.1207920150333304,dircol,2.0,0.0,0.007181,0.0062886,2.0,-1,true
true,false,left_push_up_right_push.csv,3,-1,4.0,0.0,4.143929787242053,3.9643392799927604,dircol,2.0,0.0,0.009812,0.0093097,4.0,-1,true
true,false,left_push_up_right_push_down.csv,3,-1,4.0,0.0,3.0848939772200654,2.8853817288319217,dircol,2.0,0.0,0.0095369,0.0093107,4.0,-1,true
true,false,left_push_up_right_push_up.csv,2,-1,2.0,0.0,3.226735491275354,3.226735491275354,dircol,2.0,0.0,0.0062703,0.0061479,2.0,-1,true
true,false,left_push_up_right_rotated.csv,2,-1,2.0,0.0,2.264530823449264,2.264530823449264,dircol,2.0,0.0,0.0060251,0.0060135,2.0,-1,true
true,false,left_rotated_left_forward.csv,3,-1,4.0,0.0,4.0493902092298235,3.866611559402748,dircol,2.0,0.0,0.0089028,0.0093163,4.0,-1,true
true,false,left_rotated_left_push.csv,4,-1,6.0,0.6041592181588427,4.93398906746966,4.93398906746966,dircol,2.0,0.6041592181588425,0.0947338,0.0450316,6.0,-1,true
true,false,left_rotated_left_push_down.csv,2,-1,2.0,0.0,3.049615990438665,3.049615990438665,dircol,2.0,0.0,0.0054032,0.0049429,2.0,-1,true
true,false,left_rotated_left_push_up.csv,3,-1,4.0,0.0,3.8092232094077207,3.495340395105024,dircol,2.0,0.0,0.0094674,0.0088822,4.0,-1,true
true,false,left_rotated_random1.csv,3,-1,4.0,0.0,3.734523611136606,3.4950804587979345,dircol,2.0,0.0,0.0094989,0.0093516,4.0,-1,true
true,false,left_rotated_random2.csv,2,-1,2.0,0.0,2.4296002571983264,2.4296002571983264,dircol,2.0,0.0,0.0059136,0.0052929,2.0,-1,true
true,false,left_rotated_random3.csv,3,-1,4.0,0.0,4.054124820727612,3.9238807362955885,dircol,2.0,0.0,0.0092268,0.0089985,4.0,-1,true
true,false,left_rotated_random4.csv,3,-1,4.0,0.0,4.287368022874359,3.836284257253512,dircol,2.0,0.0,0.0094827,0.0096721,4.0,-1,true
true,false,left_rotated_random5.csv,5,-1,8.0,0.3260428069930129,6.09380486359431,6.212714616145153,dircol,2.0,0.2744747812781573,0.1823123,1.5543551,8.0,-1,true
true,false,left_rotated_random6.csv,3,-1,4.0,0.0,5.8663015965219465,5.401314370895168,dircol,2.0,0.0,0.008643,0.0084055,4.0,-1,true
true,false,left_rotated_ready_pose.csv,2,-1,2.0,0.0,2.864988176392826,2.864988176392826,dircol,2.0,0.0,0.0057463,0.0052998,2.0,-1,true
true,false,left_rotated_right_forward.csv,5,-1,8.0,0.4070185821590529,5.312056079200445,5.69902456221852,dircol,2.0,0.255227559321816,2.1806379,1.2051664,8.0,-1,true
true,false,left_rotated_right_push.csv,3,-1,4.0,0.0,3.163257543213866,3.0091076495504003,dircol,2.0,0.0,0.0083175,0.0076548,4.0,-1,true
true,false,left_rotated_right_push_down.csv,4,-1,6.0,0.6080608388170341,5.057024959570927,5.057024960253257,dircol,2.0,0.608060854004768,0.1739783,0.2733781,6.0,-1,true
true,false,left_rotated_right_push_up.csv,2,-1,2.0,0.0,2.2979385098150082,2.2979385098150082,dircol,2.0,0.0,0.0055352,0.0049884,2.0,-1,true
true,false,left_rotated_right_rotated.csv,3,-1,4.0,0.0,4.747274991203561,4.717039962696351,dircol,2.0,0.0,0.0080773,0.0075979,4.0,-1,true
true,false,random1_left_forward.csv,4,-1,6.0,0.5402933892044809,4.459482497363218,4.459482497838222,dircol,2.0,0.5402928525303436,0.0429041,0.2352805,6.0,-1,true
true,false,random1_left_push.csv,3,-1,4.0,0.0,3.4184519358760466,3.152266786712116,dircol,2.0,0.0,0.0086255,0.0088095,4.0,-1,true
true,false,random1_left_push_down.csv,4,-1,6.0,0.4672359126951508,3.770786083558127,3.770786083560705,dircol,2.0,0.4672358752776513,0.2723208,0.1909207,6.0,-1,true
true,false,random1_left_push_up.csv,2,-1,2.0,0.0,1.6992362102879381,1.6992362102879381,dircol,2.0,0.0,0.0050143,0.0049004,2.0,-1,true
true,false,random1_left_rotated.csv,3,-1,4.0,0.0,3.8714327741576473,3.4950804587979345,dircol,2.0,0.0,0.0078915,0.0082668,4.0,-1,true
true,false,random1_random2.csv,2,-1,2.0,0.0,2.2937647307831024,2.2937647307831024,dircol,2.0,0.0,0.0056401,0.0059634,2.0,-1,true
true,false,random1_random3.csv,3,-1,4.0,0.0,3.9036121997179856,3.3340996979207485,dircol,2.0,0.0,0.008682,0.0082776,4.0,-1,true
true,false,random1_random4.csv,3,-1,4.0,0.0,4.329161626089848,4.223306594867575,dircol,2.0,0.0,0.0088781,0.0089391,4.0,-1,true
true,false,random1_random5.csv,4,-1,6.0,0.6577812868070486,5.5813877131316705,5.581387713131671,dircol,2.0,0.6577812868070486,0.0459037,0.0431026,6.0,-1,true
true,false,random1_random6.csv,4,-1,6.0,0.6867186884682864,5.819750232993498,5.819750232995323,dircol,2.0,0.6867186910953312,0.2825072,0.0396071,6.0,-1,true
true,false,random1_ready_pose.csv,2,-1,2.0,0.0,2.813190024188027,2.813190024188027,dircol,2.0,0.0,0.0051616,0.00554,2.0,-1,true
true,false,random1_right_forward.csv,3,-1,4.0,0.0,4.030293307559863,3.853853135438988,dircol,2.0,0.0,0.0077267,0.0080728,4.0,-1,true
true,false,random1_right_push.csv,4,-1,6.0,0.47095801851967795,3.9490045491864296,3.7560911201688563,dircol,2.0,0.4426625130199309,0.3814859,0.3349435,6.0,-1,true
true,false,random1_right_push_down.csv,3,-1,4.0,0.0,3.4407265833691056,3.2974366588381168,dircol,2.0,0.0,0.008409,0.0085859,4.0,-1,true
true,false,random1_right_push_up.csv,2,-1,2.0,0.0,2.9909210691754637,2.9909210691754637,dircol,2.0,0.0,0.0059409,0.0054141,2.0,-1,true
true,false,random1_right_rotated.csv,2,-1,2.0,0.0,2.4017437492444413,2.4017437492444413,dircol,2.0,0.0,0.0054323,0.0054625,2.0,-1,true
true,false,random2_left_forward.csv,3,-1,4.0,0.0,4.097976738875495,3.853853135438988,dircol,2.0,0.0,0.0092618,0.0084259,4.0,-1,true
true,false,random2_left_push.csv,4,-1,6.0,0.5344358444180191,4.640663795789735,4.325002780097181,dircol,2.0,0.5167699255020547,0.5183222,0.2117218,6.0,-1,true
true,false,random2_left_push_down.csv,3,-1,4.0,0.0,3.4210372441843764,3.2974366588381168,dircol,2.0,0.0,0.0089707,0.0084049,4.0,-1,true
true,false,random2_left_push_up.csv,2,-1,2.0,0.0,2.9909210691754637,2.9909210691754637,dircol,2.0,0.0,0.0057812,0.0056531,2.0,-1,true
true,false,random2_left_rotated.csv,2,-1,2.0,0.0,2.4296002571983264,2.4296002571983264,dircol,2.0,0.0,0.0057051,0.0052435,2.0,-1,true
true,false,random2_random1.csv,2,-1,2.0,0.0,2.2937647307831024,2.2937647307831024,dircol,2.0,0.0,0.0055402,0.0408547,2.0,-1,true
true,false,random2_random3.csv,2,-1,2.0,0.0,4.223306594867575,4.223306594867575,dircol,2.0,0.0,0.005199,0.005098,2.0,-1,true
true,false,random2_random4.csv,3,-1,4.0,0.0,3.9095098331777827,3.334099697920749,dircol,2.0,0.0,0.008593,0.008239,4.0,-1,true
true,false,random2_random5.csv,4,-1,6.0,0.6867186884682864,5.819750233245996,5.819750232995322,dircol,2.0,0.6867184580259748,0.2382706,0.0399951,6.0,-1,true
true,false,random2_random6.csv,4,-1,6.0,0.6577812868070487,5.581387713131672,5.5813877131316705,dircol,2.0,0.6577812868070487,0.0452591,0.0421634,6.0,-1,true
true,false,random2_ready_pose.csv,2,-1,2.0,0.0,2.813190024188027,2.813190024188027,dircol,2.0,0.0,0.0054392,0.0049123,2.0,-1,true
true,false,random2_right_forward.csv,4,-1,6.0,0.5402928546521292,4.459482497363218,4.459482497361469,dircol,2.0,0.5402928525303436,0.0459897,0.2797099,6.0,-1,true
true,false,random2_right_push.csv,2,-1,2.0,0.0,2.645694099078699,2.645694099078699,dircol,2.0,0.0,0.0053249,0.0049633,2.0,-1,true
true,false,random2_right_push_down.csv,4,-1,6.0,0.467235876192516,3.82946722869107,3.7707860835607288,dircol,2.0,0.4470053266144305,0.5114183,0.1994654,6.0,-1,true
true,false,random2_right_push_up.csv,2,-1,2.0,0.0,1.6992362102879381,1.6992362102879381,dircol,2.0,0.0,0.0051848,0.0051708,2.0,-1,true
true,false,random2_right_rotated.csv,3,-1,4.0,0.0,3.7151748217002987,3.409833166745547,dircol,2.0,0.0,0.008078,0.0075829,4.0,-1,true
true,false,random3_left_forward.csv,5,-1,8.0,0.27692472455195116,5.4024025049752895,5.45780027277821,dircol,2.0,0.2477036427804047,1.5153065,1.8628722,8.0,-1,true
true,false,random3_left_push.csv,3,-1,4.0,0.0,4.910052804583794,4.70669960423973,dircol,2.0,0.0,0.0079118,0.0077991,4.0,-1,true
true,false,random3_left_push_down.csv,4,-1,6.0,0.5980076130259097,5.060055893441224,5.060055893097653,dircol,2.0,0.5980076137207985,0.2610363,0.0412743,6.0,-1,true
true,false,random3_left_push_up.csv,3,-1,4.0,0.0,3.919936716249673,3.8044020074503804,dircol,2.0,0.0,0.0097947,0.0093305,4.0,-1,true
true,false,random3_left_rotated.csv,3,-1,4.0,0.0,4.038330881934687,3.923880736295589,dircol,2.0,0.0,0.0086929,0.0089887,4.0,-1,true
true,false,random3_random1.csv,3,-1,4.0,0.0,3.433104409176871,3.3340996979207485,dircol,2.0,0.0,0.0089021,0.0087758,4.0,-1,true
true,false,random3_random2.csv,3,-1,4.0,0.0,4.507807714444322,4.223306594867575,dircol,2.0,0.0,0.0091369,0.040345,4.0,-1,true
true,false,random3_random4.csv,2,-1,2.0,0.0,5.130800179840903,5.130800179840903,dircol,2.0,0.0,0.0052799,0.0053184,2.0,-1,true
true,false,random3_random5.csv,4,-1,6.0,0.6316164607666072,4.9839255844482935,4.9839255844482935,dircol,2.0,0.6316164607666072,0.09723,0.0395685,6.0,-1,true
true,false,random3_random6.csv,5,-1,8.0,0.45321188295501613,7.572510484511937,7.688308493703618,dircol,2.0,0.40780042400773187,1.3886517,1.3068011,8.0,-1,true
true,false,random3_ready_pose.csv,2,-1,2.0,0.0,2.9171714882429765,2.9171714882429765,dircol,2.0,0.0,0.0053196,0.0051907,2.0,-1,true
true,false,random3_right_forward.csv,5,-1,8.0,0.27254927239563553,5.928673186852711,5.5874284244833445,dircol,2.0,0.3945728822056085,2.3082435,0.1147692,8.0,-1,true
true,false,random3_right_push.csv,4,-1,6.0,0.5347449741176311,4.418771799615668,4.418771799665945,dircol,2.0,0.5347449740610811,0.4229106,0.0416932,6.0,-1,true
true,false,random3_right_push_down.csv,4,-1,6.0,0.6011686950227093,4.962095533730282,4.962095533730282,dircol,2.0,0.6011686950227093,0.0426006,0.0424995,6.0,-1,true
true,false,random3_right_push_up.csv,2,-1,2.0,0.0,3.7578308668886207,3.7578308668886207,dircol,2.0,0.0,0.0058899,0.0052515,2.0,-1,true
true,false,random3_right_rotated.csv,4,-1,6.0,0.4640560085394106,3.8311847374779666,3.831184737477967,dircol,2.0,0.4640560085394106,0.044714,0.0808875,6.0,-1,true
true,false,random4_left_forward.csv,5,-1,8.0,0.3749721218078273,5.814900015251463,5.866284072760745,dircol,2.0,0.3583840399065989,1.4485363,1.8625855,8.0,-1,true
true,false,random4_left_push.csv,4,-1,6.0,0.5845344117684512,4.763133926408596,4.76313392622057,dircol,2.0,0.5845344139430219,0.6429798,0.0398106,6.0,-1,true
true,false,random4_left_push_down.csv,4,-1,6.0,0.6011686950227094,4.962095533730282,4.962095533730281,dircol,2.0,0.6011686950227094,0.0401927,0.0407822,6.0,-1,true
true,false,random4_left_push_up.csv,2,-1,2.0,0.0,3.7578308668886207,3.7578308668886207,dircol,2.0,0.0,0.0054441,0.0058455,2.0,-1,true
true,false,random4_left_rotated.csv,4,-1,6.0,0.4645025043322953,3.8362842572535123,3.836284257253512,dircol,2.0,0.4645025043322953,0.0448577,0.0422576,6.0,-1,true
true,false,random4_random1.csv,3,-1,4.0,0.0,4.383911489800154,4.223306594867575,dircol,2.0,0.0,0.009187,0.0087046,4.0,-1,true
true,false,random4_random2.csv,3,-1,4.0,0.0,3.433104409176871,3.334099697920749,dircol,2.0,0.0,0.0094363,0.0096417,4.0,-1,true
true,false,random4_random3.csv,2,-1,2.0,0.0,5.130800179840903,5.130800179840903,dircol,2.0,0.0,0.0063706,0.0057623,2.0,-1,true
true,false,random4_random5.csv,5,-1,8.0,0.3341787636730076,7.6933472992701795,7.400290753626893,dircol,2.0,0.43845018139117076,1.6278896,2.5473126,8.0,-1,true
true,false,random4_random6.csv,4,-1,6.0,0.6316164607666074,4.983925584451608,4.9839255844482935,dircol,2.0,0.6316164756925544,0.2379964,0.0746598,6.0,-1,true
true,false,random4_ready_pose.csv,2,-1,2.0,0.0,2.9171714882429765,2.9171714882429765,dircol,2.0,0.0,0.0050788,0.0049252,2.0,-1,true
true,false,random4_right_forward.csv,5,-1,8.0,0.44035693903828355,5.906455564300713,5.987460603538561,dircol,2.0,0.4192819046468429,1.134126,1.8547209,8.0,-1,true
true,false,random4_right_push.csv,4,-1,6.0,0.5345389672743796,4.4709608466063155,4.184356377935435,dircol,2.0,0.5128050366164868,0.2002029,0.2110154,6.0,-1,true
true,false,random4_right_push_down.csv,4,-1,6.0,0.5980076130259097,5.060055893157162,5.060055893097653,dircol,2.0,0.5980076134504951,0.2747541,0.0383501,6.0,-1,true
true,false,random4_right_push_up.csv,3,-1,4.0,0.0,3.919993232411013,3.8044020074503804,dircol,2.0,0.0,0.0088845,0.0080443,4.0,-1,true
true,false,random4_right_rotated.csv,3,-1,4.0,0.0,4.043528556460454,3.9278987531888925,dircol,2.0,0.0,0.008922,0.0079189,4.0,-1,true
true,false,random5_left_forward.csv,6,-1,10.0,0.3886317842462346,8.975082689454318,9.224111156908819,dircol,2.0,0.3700103034793426,8.7629272,15.8145943,10.0,-1,true
true,false,random5_left_push.csv,6,-1,10.0,0.38669488418149317,7.269723321315927,9.220755784287048,dircol,2.0,0.21416476822652758,0.1505669,10.0189205,10.0,-1,true
true,false,random5_left_push_down.csv,6,-1,10.0,0.44427407630253085,9.224937595062757,9.545793698902116,dircol,2.0,0.4116653408263488,2.9595661,12.0523167,10.0,-1,true
true,false,random5_left_push_up.csv,5,-1,8.0,0.2646885972024684,5.835349230500666,5.8488251297590566,dircol,2.0,0.2586039110842173,0.5400689,0.1846957,8.0,-1,true
true,false,random5_left_rotated.csv,5,-1,8.0,0.34214253884658596,6.180005613555578,6.25803633379761,dircol,2.0,0.3144281174771136,2.3820272,1.9225824,8.0,-1,true
true,false,random5_random1.csv,4,-1,6.0,0.6577812868070488,5.5813877131316705,5.581387713131671,dircol,2.0,0.6577812868070486,0.0457218,0.045394,6.0,-1,true
true,false,random5_random2.csv,4,-1,6.0,0.6867186884682867,5.8197502329953235,5.819750232995323,dircol,2.0,0.6867186884682864,0.0492564,0.0445558,6.0,-1,true
true,false,random5_random3.csv,4,-1,6.0,0.6316164607666072,4.9839255844482935,4.983925584448294,dircol,2.0,0.6316164607666072,0.0794206,0.0401518,6.0,-1,true
true,false,random5_random4.csv,5,-1,8.0,0.40847062926226824,7.4842478153758405,7.596865112114051,dircol,2.0,0.3690050633893358,2.3230785,3.242743,8.0,-1,true
true,false,random5_random6.csv,6,-1,10.0,0.26073776566146784,9.851663365475835,8.831954980964502,dircol,2.0,0.3600909038463255,15.2264375,7.3543513,10.0,-1,true
true,false,random5_ready_pose.csv,4,-1,6.0,0.6435801312866954,5.365704508897238,5.365704508897238,dircol,2.0,0.6435801312866954,0.0424275,0.0491172,6.0,-1,true
true,false,random5_right_forward.csv,6,-1,10.0,0.31126671299546577,17.68321424539665,7.916694430875575,dircol,2.0,1.0382216598740597,2.377465,12.7794546,10.0,-1,true
true,false,random5_right_push.csv,5,-1,8.0,0.3692604304397965,5.760032703257909,5.988315286109684,dircol,2.0,0.3046114647249879,0.2263789,1.7764189,8.0,-1,true
true,false,random5_right_push_down.csv,5,-1,8.0,0.28473148885799016,5.975439328657212,5.990414482117946,dircol,2.0,0.2785813542808182,1.0593155,1.6302077,8.0,-1,true
true,false,random5_right_push_up.csv,5,-1,8.0,0.3441650106615363,5.608249294537316,5.6217653488629,dircol,2.0,0.3405239550922465,1.7189994,2.0814206,8.0,-1,true
true,false,random5_right_rotated.csv,4,-1,6.0,0.6348905903592104,5.358034911926415,5.358034911926416,dircol,2.0,0.6348905903592105,0.0409102,0.0384442,6.0,-1,true
true,false,random6_left_forward.csv,6,-1,10.0,0.30607697783561644,8.954485337448041,7.907484732712755,dircol,2.0,0.39207032393851976,1.2907171,0.6453029,10.0,-1,true
true,false,random6_left_push.csv,5,-1,8.0,0.34701554022425274,5.821226516692455,5.889498599675502,dircol,2.0,0.32769822073141663,0.1668248,1.9289223,8.0,-1,true
true,false,random6_left_push_down.csv,5,-1,8.0,0.26322959396507073,5.945908094090163,5.943495215825444,dircol,2.0,0.2645308260017625,4.0326599,3.4241312,8.0,-1,true
true,false,random6_left_push_up.csv,4,-1,6.0,0.6304634491183186,5.311322483502082,5.31132248350208,dircol,2.0,0.6304634491183186,0.0434796,0.0425732,6.0,-1,true
true,false,random6_left_rotated.csv,4,-1,6.0,0.6405098432902234,5.401314370895169,5.401314370895169,dircol,2.0,0.6405098432902236,0.0439248,0.0400758,6.0,-1,true
true,false,random6_random1.csv,4,-1,6.0,0.6867186884682864,5.819750232995323,5.819750232995323,dircol,2.0,0.6867186884682864,0.0815087,0.0411935,6.0,-1,true
true,false,random6_random2.csv,4,-1,6.0,0.6577812868070488,5.581387713131672,5.581387713131671,dircol,2.0,0.6577812868070486,0.0796312,0.0431214,6.0,-1,true
true,false,random6_random3.csv,5,-1,8.0,0.42356053883138056,7.549639664467802,7.620880547560723,dircol,2.0,0.40061682220150474,2.245892,1.3492298,8.0,-1,true
true,false,random6_random4.csv,4,-1,6.0,0.6316164607666074,4.983925583936016,4.9839255844482935,dircol,2.0,0.631616331412373,0.3153159,0.0402523,6.0,-1,true
true,false,random6_random5.csv,6,-1,10.0,0.439670979023596,10.247548013258385,10.800711295987298,dircol,2.0,0.3945682282179435,15.556408,8.2071195,10.0,-1,true
true,false,random6_ready_pose.csv,4,-1,6.0,0.6435801312866954,5.365704508897238,5.365704508897238,dircol,2.0,0.6435801312866954,0.0430209,0.0418552,6.0,-1,true
true,false,random6_right_forward.csv,6,-1,10.0,0.36420901199011363,8.992538337580529,8.885423576576896,dircol,2.0,0.3712192127988894,15.5938343,24.9217818,10.0,-1,true
true,false,random6_right_push.csv,5,-1,8.0,0.3397101390158961,6.470323624092284,6.4822583853800735,dircol,2.0,0.33326739504291003,1.8838085,1.0398998,8.0,-1,true
true,false,random6_right_push_down.csv,6,-1,10.0,0.37697437800001793,9.327055563754875,8.81967378153982,dircol,2.0,0.41609816493419965,9.3006597,9.3248423,10.0,-1,true
true,false,random6_right_push_up.csv,4,-1,6.0,0.6881034872470132,5.8341829997917785,5.8341829997917785,dircol,2.0,0.688103487247013,0.0440036,0.0411297,6.0,-1,true
true,false,random6_right_rotated.csv,5,-1,8.0,0.33369069208617,6.22582570534193,6.236104002225116,dircol,2.0,0.32924306649743507,1.3247736,2.8054561,8.0,-1,true
true,false,ready_pose_left_forward.csv,4,-1,6.0,0.6167302721482284,5.142216796480879,5.142216796480878,dircol,2.0,0.6167302721482283,0.0429776,0.041661,6.0,-1,true
true,false,ready_pose_left_push.csv,3,-1,4.0,0.0,4.127269298671178,3.984972482326369,dircol,2.0,0.0,0.0086169,0.0080743,4.0,-1,true
true,false,ready_pose_left_push_down.csv,3,-1,4.0,0.0,5.1178483251150375,4.756305083181291,dircol,2.0,0.0,0.0088547,0.008579,4.0,-1,true
true,false,ready_pose_left_push_up.csv,2,-1,2.0,0.0,2.7363428350815386,2.7363428350815386,dircol,2.0,0.0,0.0054674,0.0051114,2.0,-1,true
true,false,ready_pose_left_rotated.csv,2,-1,2.0,0.0,2.864988176392826,2.864988176392826,dircol,2.0,0.0,0.0054287,0.0052473,2.0,-1,true
true,false,ready_pose_random1.csv,2,-1,2.0,0.0,2.813190024188027,2.813190024188027,dircol,2.0,0.0,0.0053343,0.0050555,2.0,-1,true
true,false,ready_pose_random2.csv,2,-1,2.0,0.0,2.813190024188027,2.813190024188027,dircol,2.0,0.0,0.0052433,0.0055928,2.0,-1,true
true,false,ready_pose_random3.csv,2,-1,2.0,0.0,2.9171714882429765,2.9171714882429765,dircol,2.0,0.0,0.0050072,0.0049959,2.0,-1,true
true,false,ready_pose_random4.csv,2,-1,2.0,0.0,2.9171714882429765,2.9171714882429765,dircol,2.0,0.0,0.0054967,0.0049961,2.0,-1,true
true,false,ready_pose_random5.csv,5,-1,8.0,0.25931752504670463,5.3798058143183045,5.404973094611086,dircol,2.0,0.2479948556858584,0.1441174,2.3616579,8.0,-1,true
true,false,ready_pose_random6.csv,5,-1,8.0,0.3601093182215614,5.387846939896924,5.708087230668477,dircol,2.0,0.254081256775929,0.1840522,2.2204308,8.0,-1,true
true,false,ready_pose_right_forward.csv,4,-1,6.0,0.6167302721482284,5.142216796480878,5.142216796480878,dircol,2.0,0.6167302721482285,0.0433023,0.0718647,6.0,-1,true
true,false,ready_pose_right_push.csv,3,-1,4.0,0.0,3.87563359417284,3.548985610721127,dircol,2.0,0.0,0.0083213,0.0081096,4.0,-1,true
true,false,ready_pose_right_push_down.csv,3,-1,4.0,0.0,5.104323236112283,4.756305083181291,dircol,2.0,0.0,0.0077347,0.0081962,4.0,-1,true
true,false,ready_pose_right_push_up.csv,2,-1,2.0,0.0,2.7363428350815386,2.7363428350815386,dircol,2.0,0.0,0.0056532,0.0055899,2.0,-1,true
true,false,ready_pose_right_rotated.csv,2,-1,2.0,0.0,2.8989036492289086,2.8989036492289086,dircol,2.0,0.0,0.005603,0.0051072,2.0,-1,true
true,false,right_forward_left_forward.csv,5,-1,8.0,0.28387909660391897,6.768444479076032,6.393024656366153,dircol,2.0,0.43945870968948275,3.3240143,0.1900144,8.0,-1,true
true,false,right_forward_left_push.csv,3,-1,4.0,0.0,4.732685776773316,4.376051510468166,dircol,2.0,0.0,0.0085405,0.0082439,4.0,-1,true
true,false,right_forward_left_push_down.csv,4,-1,6.0,0.5498865946351094,4.595310088294366,4.595309721491716,dircol,2.0,0.5495286117570464,0.0438574,0.2904916,6.0,-1,true
true,false,right_forward_left_push_up.csv,2,-1,2.0,0.0,3.1207920150333304,3.1207920150333304,dircol,2.0,0.0,0.0057613,0.0052629,2.0,-1,true
true,false,right_forward_left_rotated.csv,4,-1,6.0,0.6318837606606887,5.268015099665819,5.268015099725027,dircol,2.0,0.6318837736689348,0.3466625,0.0421815,6.0,-1,true
true,false,right_forward_random1.csv,3,-1,4.0,0.0,4.063600745602209,3.853853135438988,dircol,2.0,0.0,0.0090528,0.0081671,4.0,-1,true
true,false,right_forward_random2.csv,4,-1,6.0,0.5402928546521305,4.459482497279081,4.459482497361482,dircol,2.0,0.5402928768226815,0.2941755,0.2947358,6.0,-1,true
true,false,right_forward_random3.csv,5,-1,8.0,0.2725492723957102,6.242616544989427,5.587428424483311,dircol,2.0,0.48368695945778056,0.4014355,0.1551051,8.0,-1,true
true,false,right_forward_random4.csv,5,-1,8.0,0.4360033682363995,5.8940370279376495,5.971148098585285,dircol,2.0,0.41542703106477274,0.7597287,1.1604973,8.0,-1,true
true,false,right_forward_random5.csv,6,-1,10.0,0.21809045129785956,7.82608309157939,6.984174697824847,dircol,2.0,0.30820971731715485,7.7264411,7.6036416,10.0,-1,true
true,false,right_forward_random6.csv,7,-1,12.0,0.4244005138170705,24.57640838483074,14.072351835755349,dircol,2.0,0.8705768281564291,36.5301475,17.247903,12.0,-1,true
true,false,right_forward_ready_pose.csv,4,-1,6.0,0.6167302721482284,5.142216796480035,5.142216796480878,dircol,2.0,0.6167302920936976,0.4450723,0.0758726,6.0,-1,true
true,false,right_forward_right_push.csv,4,-1,6.0,0.5568205571987116,4.721077771345782,4.721077771345782,dircol,2.0,0.5568205571987116,0.0475494,0.0447209,6.0,-1,true
true,false,right_forward_right_push_down.csv,2,-1,2.0,0.0,2.8662990998466826,2.8662990998466826,dircol,2.0,0.0,0.0054541,0.0053909,2.0,-1,true
true,false,right_forward_right_push_up.csv,4,-1,6.0,0.5360079201618744,4.539631808361694,4.552988399555104,dircol,2.0,0.5517525783480162,0.3980906,0.3048115,6.0,-1,true
true,false,right_forward_right_rotated.csv,3,-1,4.0,0.0,4.003174170079394,3.775783768835927,dircol,2.0,0.0,0.00943,0.0091188,4.0,-1,true
true,false,right_push_down_left_forward.csv,4,-1,6.0,0.5498872719590591,4.617411619320095,4.595309698315565,dircol,2.0,0.5296653766857656,0.6685953,0.2580638,6.0,-1,true
true,false,right_push_down_left_push.csv,2,-1,2.0,0.0,2.8416656729618177,2.8416656729618177,dircol,2.0,0.0,0.0057309,0.0051504,2.0,-1,true
true,false,right_push_down_left_push_down.csv,3,-1,4.0,0.0,3.8089079518385187,3.694825766077746,dircol,2.0,0.0,0.0086949,0.0092283,4.0,-1,true
true,false,right_push_down_left_push_up.csv,2,-1,2.0,0.0,2.885381728831922,2.885381728831922,dircol,2.0,0.0,0.0059137,0.0054059,2.0,-1,true
true,false,right_push_down_left_rotated.csv,4,-1,6.0,0.6080608388170341,5.0570249602534645,5.057024960253257,dircol,2.0,0.608060837903715,0.3008673,0.2427916,6.0,-1,true
true,false,right_push_down_random1.csv,3,-1,4.0,0.0,3.525306606992949,3.2974366588381168,dircol,2.0,0.0,0.009149,0.0087048,4.0,-1,true
true,false,right_push_down_random2.csv,4,-1,6.0,0.46723587619251644,3.770786082244933,3.770786083560732,dircol,2.0,0.46723587299473746,0.3441013,0.2016243,6.0,-1,true
true,false,right_push_down_random3.csv,5,-1,8.0,0.3509580661733764,5.179524209571398,5.282060761646592,dircol,2.0,0.3157083834987789,2.1755268,1.5028933,8.0,-1,true
true,false,right_push_down_random4.csv,4,-1,6.0,0.5980076130259097,5.060055893097653,5.060055893097653,dircol,2.0,0.5980076130259097,0.042147,0.0410021,6.0,-1,true
true,false,right_push_down_random5.csv,5,-1,8.0,0.2634287348039151,6.133358721382742,5.94372665512777,dircol,2.0,0.34011652347142884,3.2943784,2.9319929,8.0,-1,true
true,false,right_push_down_random6.csv,6,-1,10.0,0.37668896801862883,10.135988560628858,8.867234555550437,dircol,2.0,0.474870442685111,17.897596,9.7451578,10.0,-1,true
true,false,right_push_down_ready_pose.csv,3,-1,4.0,0.0,5.106260454121535,4.756305083181291,dircol,2.0,0.0,0.0084692,0.0080164,4.0,-1,true
true,false,right_push_down_right_forward.csv,2,-1,2.0,0.0,2.8662990998466826,2.8662990998466826,dircol,2.0,0.0,0.0056677,0.0052963,2.0,-1,true
true,false,right_push_down_right_push.csv,3,-1,4.0,0.0,4.1413087123342915,3.5549560506816547,dircol,2.0,0.0,0.008501,0.0081859,4.0,-1,true
true,false,right_push_down_right_push_up.csv,3,-1,4.0,0.0,3.6753591115731576,3.552676399115513,dircol,2.0,0.0,0.008285,0.0081356,4.0,-1,true
true,false,right_push_down_right_rotated.csv,2,-1,2.0,0.0,2.946927726007444,2.946927726007444,dircol,2.0,0.0,0.0054594,0.0055244,2.0,-1,true
true,false,right_push_left_forward.csv,3,-1,4.0,0.0,3.4199931832855426,3.2622393732540957,dircol,2.0,0.0,0.008533,0.008479,4.0,-1,true
true,false,right_push_left_push.csv,3,-1,4.0,0.0,5.53471089356948,5.082052820728584,dircol,2.0,0.0,0.0096101,0.0089008,4.0,-1,true
true,false,right_push_left_push_down.csv,2,-1,2.0,0.0,2.279726780187053,2.279726780187053,dircol,2.0,0.0,0.0055531,0.0054791,2.0,-1,true
true,false,right_push_left_push_up.csv,3,-1,4.0,0.0,4.150094221178645,3.9643392799927604,dircol,2.0,0.0,0.0090248,0.0091292,4.0,-1,true
true,false,right_push_left_rotated.csv,3,-1,4.0,0.0,3.157483877693504,3.0091076495504003,dircol,2.0,0.0,0.0099588,0.0089291,4.0,-1,true
true,false,right_push_random1.csv,3,-1,4.0,0.0,3.892865540067222,3.7380971797987392,dircol,2.0,0.0,0.0096252,0.0089359,4.0,-1,true
true,false,right_push_random2.csv,2,-1,2.0,0.0,2.645694099078699,2.645694099078699,dircol,2.0,0.0,0.0057862,0.0053978,2.0,-1,true
true,false,right_push_random3.csv,4,-1,6.0,0.534744974117631,4.418771799665945,4.418771799665945,dircol,2.0,0.534744974117631,0.0464021,0.0816172,6.0,-1,true
true,false,right_push_random4.csv,4,-1,6.0,0.5345389672743802,4.184356377390902,4.184356377935438,dircol,2.0,0.534538871609031,0.2603315,0.2151801,6.0,-1,true
true,false,right_push_random5.csv,5,-1,8.0,0.2915924816724116,5.844068679083553,5.7191112955737875,dircol,2.0,0.33000386338089166,0.2546216,3.0585784,8.0,-1,true
true,false,right_push_random6.csv,5,-1,8.0,0.3517715437867198,6.4282022344836,6.524124302282058,dircol,2.0,0.31523557097314925,2.1822199,1.0401699,8.0,-1,true
true,false,right_push_ready_pose.csv,3,-1,4.0,0.0,3.762774112159105,3.548985610721127,dircol,2.0,0.0,0.00829,0.0080966,4.0,-1,true
true,false,right_push_right_forward.csv,3,-1,4.0,0.0,4.991193286374579,4.721077771345781,dircol,2.0,0.0,0.0087452,0.0082218,4.0,-1,true
true,false,right_push_right_push_down.csv,3,-1,4.0,0.0,4.02687602512131,3.5549560506816547,dircol,2.0,0.0,0.0087735,0.0087321,4.0,-1,true
true,false,right_push_right_push_up.csv,2,-1,2.0,0.0,1.7969462366159044,1.7969462366159044,dircol,2.0,0.0,0.0054005,0.0053337,2.0,-1,true
true,false,right_push_right_rotated.csv,3,-1,4.0,0.0,4.596056163872519,4.185670608546161,dircol,2.0,0.0,0.0091404,0.008627,4.0,-1,true
true,false,right_push_up_left_forward.csv,2,-1,2.0,0.0,3.1207920150333304,3.1207920150333304,dircol,2.0,0.0,0.0057878,0.0054907,2.0,-1,true
true,false,right_push_up_left_push.csv,3,-1,4.0,0.0,4.884486120204752,4.539539665118668,dircol,2.0,0.0,0.0086801,0.0081774,4.0,-1,true
true,false,right_push_up_left_push_down.csv,3,-1,4.0,0.0,3.0848939772200654,2.8853817288319217,dircol,2.0,0.0,0.0091867,0.0083988,4.0,-1,true
true,false,right_push_up_left_push_up.csv,2,-1,2.0,0.0,3.226735491275354,3.226735491275354,dircol,2.0,0.0,0.0052341,0.0057641,2.0,-1,true
true,false,right_push_up_left_rotated.csv,2,-1,2.0,0.0,2.2979385098150082,2.2979385098150082,dircol,2.0,0.0,0.0051393,0.005121,2.0,-1,true
true,false,right_push_up_random1.csv,3,-1,4.0,0.0,3.187444016185187,2.9909210691754637,dircol,2.0,0.0,0.0087871,0.0082811,4.0,-1,true
true,false,right_push_up_random2.csv,2,-1,2.0,0.0,1.6992362102879381,1.6992362102879381,dircol,2.0,0.0,0.0053058,0.0051065,2.0,-1,true
true,false,right_push_up_random3.csv,3,-1,4.0,0.0,4.106084785794099,3.7578308668886207,dircol,2.0,0.0,0.0088447,0.0095656,4.0,-1,true
true,false,right_push_up_random4.csv,3,-1,4.0,0.0,3.8508035205856217,3.8044020074503804,dircol,2.0,0.0,0.0089391,0.0096095,4.0,-1,true
true,false,right_push_up_random5.csv,5,-1,8.0,0.28566656855894607,5.567940754220959,5.43676067076396,dircol,2.0,0.3306183808934471,0.4690262,1.4658495,8.0,-1,true
true,false,right_push_up_random6.csv,5,-1,8.0,0.26000933723514896,5.866258487809591,5.838481919330686,dircol,2.0,0.27431834209493733,2.4753818,0.2337746,8.0,-1,true
true,false,right_push_up_ready_pose.csv,2,-1,2.0,0.0,2.7363428350815386,2.7363428350815386,dircol,2.0,0.0,0.0055088,0.0055474,2.0,-1,true
true,false,right_push_up_right_forward.csv,4,-1,6.0,0.5360079201618745,4.552988393365195,4.552988399555105,dircol,2.0,0.5360079239361258,0.378095,0.3027846,6.0,-1,true
true,false,right_push_up_right_push.csv,2,-1,2.0,0.0,1.7969462366159044,1.7969462366159044,dircol,2.0,0.0,0.0055666,0.0053878,2.0,-1,true
true,false,right_push_up_right_push_down.csv,3,-1,4.0,0.0,3.664779697196262,3.552676399115513,dircol,2.0,0.0,0.0093657,0.0087327,4.0,-1,true
true,false,right_push_up_right_rotated.csv,2,-1,2.0,0.0,3.3926873075093695,3.3926873075093695,dircol,2.0,0.0,0.0058706,0.0060786,2.0,-1,true
true,false,right_rotated_left_forward.csv,4,-1,6.0,0.6200084058328251,5.181404572058277,5.181404572058279,dircol,2.0,0.6200084058328251,0.0439712,0.08905,6.0,-1,true
true,false,right_rotated_left_push.csv,3,-1,4.0,0.0,3.55029309966434,3.3023716243637233,dircol,2.0,0.0,0.0085106,0.0089645,4.0,-1,true
true,false,right_rotated_left_push_down.csv,4,-1,6.0,0.5958101916350875,4.968416978032729,4.96841697803333,dircol,2.0,0.59581031365145,0.2316771,0.2291259,6.0,-1,true
true,false,right_rotated_left_push_up.csv,2,-1,2.0,0.0,2.264530823449264,2.264530823449264,dircol,2.0,0.0,0.00559,0.005193,2.0,-1,true
true,false,right_rotated_left_rotated.csv,3,-1,4.0,0.0,4.761080155078224,4.717039962696351,dircol,2.0,0.0,0.0085666,0.0082688,4.0,-1,true
true,false,right_rotated_random1.csv,2,-1,2.0,0.0,2.4017437492444413,2.4017437492444413,dircol,2.0,0.0,0.0055417,0.0056457,2.0,-1,true
true,false,right_rotated_random2.csv,3,-1,4.0,0.0,3.5852986629726153,3.409833166745547,dircol,2.0,0.0,0.0089334,0.0087333,4.0,-1,true
true,false,right_rotated_random3.csv,3,-1,4.0,0.0,4.2312828992937925,3.8311847374779666,dircol,2.0,0.0,0.009458,0.0098162,4.0,-1,true
true,false,right_rotated_random4.csv,3,-1,4.0,0.0,4.064993744492066,3.9278987531888925,dircol,2.0,0.0,0.0544974,0.0084231,4.0,-1,true
true,false,right_rotated_random5.csv,3,-1,4.0,0.0,5.826285747054647,5.358034911926415,dircol,2.0,0.0,0.0087503,0.0086322,4.0,-1,true
true,false,right_rotated_random6.csv,5,-1,8.0,0.29592772659871847,6.334108286520131,6.143793923161305,dircol,2.0,0.36613930816258944,2.2026598,3.891374,8.0,-1,true
true,false,right_rotated_ready_pose.csv,2,-1,2.0,0.0,2.8989036492289086,2.8989036492289086,dircol,2.0,0.0,0.0055176,0.0049578,2.0,-1,true
true,false,right_rotated_right_forward.csv,3,-1,4.0,0.0,3.954640848686367,3.775783768835927,dircol,2.0,0.0,0.0087814,0.0085616,4.0,-1,true
true,false,right_rotated_right_push.csv,3,-1,4.0,0.0,4.624701910794142,4.185670608546161,dircol,2.0,0.0,0.0087897,0.0091643,4.0,-1,true
true,false,right_rotated_right_push_down.csv,2,-1,2.0,0.0,2.946927726007444,2.946927726007444,dircol,2.0,0.0,0.0065548,0.0054433,2.0,-1,true
true,false,right_rotated_right_push_up.csv,3,-1,4.0,0.0,3.6106156862747554,3.3926873075093695,dircol,2.0,0.0,0.0089641,0.0088078,4.0,-1,true
